Datetime,Tweet Id,Username,Reply,Retweet,Like,text_clean,text_preprocessed
2022-08-04 23:52:56+00:00,1555341044732293120,OHSFransCartenz,0,0,0,mypertamina daripada ga guna mending bisa nunjukin dimana ada bensin di timika cuk,"['mypertamina', 'ga', 'mending', 'nunjukin', 'mana', 'bensin', 'timika', 'cuk']"
2022-08-04 23:45:45+00:00,1555339236983046146,tarto888,0,0,0,,[]
2022-08-04 23:44:55+00:00,1555339025556582400,tarto888,1,0,0,fatmawati  punya pertamina malahdi jagakrsa juga samaboncos saya bang mobil buat online ngisinya pertamaxğŸ˜­,"['fatmawati', 'pertamina', 'malahdi', 'jagakrsa', 'samaboncos', 'bang', 'mobil', 'online', 'ngisinya', 'pertamax']"
2022-08-04 23:36:04+00:00,1555336799450370048,pertamina135,2,0,0,hai sobat ferry bachtiar mohon maaf atas ketidaknyamanan yang dialami mengenai hal tersebut qr code melalui aplikasi my pertamina sobat dapat cek pada melalui fitur subsidi tepat  terima kasih salsa,"['hai', 'sobat', 'ferry', 'bachtiar', 'mohon', 'maaf', 'ketidaknyamanan', 'alami', 'qr', 'code', 'aplikasi', 'my', 'pertamina', 'sobat', 'cek', 'fitur', 'subsidi', 'terima', 'kasih', 'salsa']"
2022-08-04 23:15:53+00:00,1555331721909809152,zeano00,0,0,0,cara daftar dan transaksi bbm subsidi tepat mypertamina beneran gampang loh guys yuk mari simak,"['daftar', 'transaksi', 'bbm', 'subsidi', 'mypertamina', 'beneran', 'gampang', 'loh', 'guys', 'yuk', 'mari', 'simak']"
2022-08-04 23:15:00+00:00,1555331496725995520,mld_cake,0,0,0,cara daftar dan transaksi bbm subsidi tepat mypertamina pastinya sangat mudah nihğŸ‘,"['daftar', 'transaksi', 'bbm', 'subsidi', 'mypertamina', 'pasti', 'mudah', 'nih']"
2022-08-04 23:14:23+00:00,1555331345135546368,dailynut_,0,0,0,yuk cari tahu biar paham nih cara daftar dan transaksi bbm subsidi tepat mypertamina,"['yuk', 'cari', 'biar', 'paham', 'nih', 'daftar', 'transaksi', 'bbm', 'subsidi', 'mypertamina']"
2022-08-04 23:13:36+00:00,1555331145075605504,imfreendy,0,0,0,wah begini nih cara daftar dan transaksi bbm subsidi tepat mypertamina yuk simak infonya,"['nih', 'daftar', 'transaksi', 'bbm', 'subsidi', 'mypertamina', 'yuk', 'simak', 'info']"
2022-08-04 23:12:46+00:00,1555330935037382656,satria_xbima,0,0,0,nah guys harus paham ya cara daftar dan transaksi bbm subsidi tepat mypertamina,"['guys', 'paham', 'ya', 'daftar', 'transaksi', 'bbm', 'subsidi', 'mypertamina']"
2022-08-04 23:12:12+00:00,1555330794322767879,thrichgirl,0,0,0,berikut ini cara daftar dan transaksi bbm subsidi tepat mypertamina untuk lebih jelasnya silahkan simak infonya,"['daftar', 'transaksi', 'bbm', 'subsidi', 'mypertamina', 'silah', 'simak', 'info']"
2022-08-04 23:11:02+00:00,1555330499517698048,daisysst,0,0,0,cara daftar dan transaksi bbm subsidi tepat mypertamina woww sangat mudah dipahami nih,"['daftar', 'transaksi', 'bbm', 'subsidi', 'mypertamina', 'woww', 'mudah', 'paham', 'nih']"
2022-08-04 23:09:48+00:00,1555330190787502081,yutaaajaaa,0,0,0,wah ternyata begini cara daftar dan transaksi bbm subsidi tepat mypertamina  mari disimak,"['daftar', 'transaksi', 'bbm', 'subsidi', 'mypertamina', 'mari', 'simak']"
2022-08-04 23:08:44+00:00,1555329922951835648,haechanleee_127,0,0,0,jadi begini cara daftar dan transaksi bbm subsidi tepat mypertamina nih guys mudah banget kan,"['daftar', 'transaksi', 'bbm', 'subsidi', 'mypertamina', 'nih', 'guys', 'mudah', 'banget']"
2022-08-04 23:08:35+00:00,1555329884905320448,illaundaitti,1,0,0,oh ya kalau qr code yang melalui web sudah saya dapatkan tapi qr code melalui aplikasi my pertamina tidak bisa saya dapatkan katanya password salah,"['oh', 'ya', 'qr', 'code', 'web', 'dapat', 'qr', 'code', 'aplikasi', 'my', 'pertamina', 'dapat', 'password', 'salah']"
2022-08-04 23:07:51+00:00,1555329698883743745,xiaopaoOO,0,0,0,yuk disimak berikut cara daftar dan transaksi bbm subsidi tepat mypertamina,"['yuk', 'simak', 'daftar', 'transaksi', 'bbm', 'subsidi', 'mypertamina']"
2022-08-04 23:02:39+00:00,1555328388314775552,illaundaitti,0,0,0,halo sobat adi apakah qr code pada aplikasi my pertamina yang didownload melalui google play store belum bisa diklaim ya soalnya selalu muncul notifikasi password salah,"['halo', 'sobat', 'adi', 'qr', 'code', 'aplikasi', 'my', 'pertamina', 'didownload', 'google', 'play', 'store', 'klaim', 'ya', 'muncul', 'notifikasi', 'password', 'salah']"
2022-08-04 22:50:45+00:00,1555325396190580736,cak_an6,0,0,0,bangsat   kalian bisnis aplikasi diatas kesulitan rakyat,"['bangsat', 'bisnis', 'aplikasi', 'atas', 'sulit', 'rakyat']"
2022-08-04 22:48:57+00:00,1555324943423791104,Zyanpatra,0,0,0,syarat dan cara daftar mypertamina siapkan foto kendaraanpelatÂ nomor,"['syarat', 'daftar', 'mypertamina', 'siap', 'foto', 'kendaraanpelat', 'nomor']"
2022-08-04 22:46:18+00:00,1555324277498339328,PODCASTRADIO6,0,0,0,tayang hari ini pk  siang wib klik link ini  lalu subscribe dan aktifkan loncengnya agar anda mendapatkan notifikasi jika sudah tayang,"['tayang', 'pk', 'siang', 'wib', 'klik', 'link', 'subscribe', 'aktif', 'lonceng', 'notifikasi', 'tayang']"
2022-08-04 22:46:04+00:00,1555324217855725568,CNNIndonesia,2,0,3,syarat dan cara daftar mypertamina siapkan foto kendaraanpelat nomor,"['syarat', 'daftar', 'mypertamina', 'siap', 'foto', 'kendaraanpelat', 'nomor']"
2022-08-04 22:28:12+00:00,1555319720697483264,SdpSedap,0,0,0,jadi begini cara daftar dan transaksi bbm subsidi tepat mypertamina ya guys ğŸ‘ğŸ»,"['daftar', 'transaksi', 'bbm', 'subsidi', 'mypertamina', 'ya', 'guys', '']"
2022-08-04 22:27:41+00:00,1555319589718102017,totosawi,0,0,0,ternyata gini loh guys cara daftar dan transaksi bbm subsidi tepat mypertamina  simak yuk dan pahami juga ya,"['gin', 'loh', 'guys', 'daftar', 'transaksi', 'bbm', 'subsidi', 'mypertamina', 'simak', 'yuk', 'paham', 'ya']"
2022-08-04 22:27:23+00:00,1555319516460359680,kakasawi,0,0,0,cara daftar dan transaksi bbm subsidi tepat mypertamina mudah sekali mantap,"['daftar', 'transaksi', 'bbm', 'subsidi', 'mypertamina', 'mudah', 'mantap']"
2022-08-04 22:27:06+00:00,1555319441855877121,CashielGavin,0,0,0,inilah cara daftar dan transaksi bbm subsidi tepat mypertamina yuk disimak infonya,"['daftar', 'transaksi', 'bbm', 'subsidi', 'mypertamina', 'yuk', 'simak', 'info']"
2022-08-04 22:26:48+00:00,1555319368548249600,alexaxelle123,0,0,0,yuk simak cara daftar dan transaksi bbm subsidi tepat mypertamina,"['yuk', 'simak', 'daftar', 'transaksi', 'bbm', 'subsidi', 'mypertamina']"
2022-08-04 22:26:29+00:00,1555319288772304897,totopakcoy,0,0,0,ini dia cara daftar dan transaksi bbm subsidi tepat mypertamina kuy disimak biar pada paham,"['daftar', 'transaksi', 'bbm', 'subsidi', 'mypertamina', 'kuy', 'simak', 'biar', 'paham']"
2022-08-04 22:26:03+00:00,1555319181150547968,totokangkung,0,0,0,nih buat yang belum tahu cara daftar dan transaksi bbm subsidi tepat mypertamina mudah kok bisa di baca ya ğŸ¥°ğŸ‘ğŸ»,"['nih', 'daftar', 'transaksi', 'bbm', 'subsidi', 'mypertamina', 'mudah', 'baca', 'ya', '']"
2022-08-04 22:25:37+00:00,1555319068776796160,GogoCeo,0,0,0,naah ini guys cara daftar dan transaksi bbm subsidi tepat mypertaminağŸ‘ğŸ‘,"['naah', 'guys', 'daftar', 'transaksi', 'bbm', 'subsidi', 'mypertamina']"
2022-08-04 22:25:19+00:00,1555318993183195136,rawittoto,0,0,0,yuk simak cara daftar dan transaksi bbm subsidi tepat mypertaminağŸ˜™ğŸ‘ğŸ»,"['yuk', 'simak', 'daftar', 'transaksi', 'bbm', 'subsidi', 'mypertamina']"
2022-08-04 22:24:54+00:00,1555318891169316864,tototimun,0,0,0,berikut ini cara daftar dan transaksi bbm subsidi tepat mypertamina semoga bermanfaat ya ğŸ¤—,"['daftar', 'transaksi', 'bbm', 'subsidi', 'mypertamina', 'moga', 'manfaat', 'ya', '']"
2022-08-04 21:36:33+00:00,1555306720397692929,RetnoWulan046,0,0,0,disimak guys untuk cara daftar dan transaksi bbm subsidi tepat mypertamina,"['simak', 'guys', 'daftar', 'transaksi', 'bbm', 'subsidi', 'mypertamina']"
2022-08-04 21:25:00+00:00,1555303816244776960,ngalamfess,0,0,4,oyi rek ada yg bpknyasaudaratetangga atau masmba nya sendiri daftar subsiditepat my pertamina ga mau minta tolong isi kuesioner ku buat laporan pkl kalo boleh ğŸ¥º,"['oyi', 'rek', 'yg', 'bpknyasaudaratetangga', 'masmba', 'nya', 'daftar', 'subsiditepat', 'my', 'pertamina', 'ga', 'tolong', 'isi', 'kuesioner', 'ku', 'lapor', 'pkl', 'kalo', '']"
2022-08-04 20:47:39+00:00,1555294417623609344,keuangannews_id,0,2,2,ini yang terjadi jika september anda belum daftar mypertamina,"['september', 'daftar', 'mypertamina']"
2022-08-04 19:14:58+00:00,1555271089898799104,MyPertaminaID,0,0,0,hai sobat loopy terkait jalur yang digunakan untuk pengisian bbm merupakan kebijakan operasional spbu mohon maaf atas ketidaknyamanannya  terima kasih adi,"['hai', 'sobat', 'loopy', 'kait', 'jalur', 'isi', 'bbm', 'bijak', 'operasional', 'spbu', 'mohon', 'maaf', 'ketidaknyamanannya', 'terima', 'kasih', 'adi']"
2022-08-04 19:03:40+00:00,1555268249927168001,MyPertaminaID,0,0,0,hai sobat sutarto mohon maaf atas ketidaknyamanannya silakan diinformasikan nomor spbu untuk dicek sobat bisa menggunakan bbm non subsidi atau mendatangi spbu terdekat lainnya tks adi,"['hai', 'sobat', 'sutarto', 'mohon', 'maaf', 'ketidaknyamanannya', 'sila', 'informasi', 'nomor', 'spbu', 'cek', 'sobat', 'bbm', 'non', 'subsidi', 'spbu', 'dekat', 'tks', 'adi']"
2022-08-04 18:57:10+00:00,1555266612672237568,MyPertaminaID,1,0,0,hai sobat mohon maaf atas ketidaknyamanannya mengenai hal tersebut silakan diinformasikan nik dan detail permasalahan melalui dm tks adi,"['hai', 'sobat', 'mohon', 'maaf', 'ketidaknyamanannya', 'sila', 'informasi', 'nik', 'detail', 'masalah', 'dm', 'tks', 'adi']"
2022-08-04 18:36:35+00:00,1555261432505286656,keuangannews_id,3,1,2,ini yang terjadi jika september anda belum daftarÂ mypertamina,"['september', 'daftar', 'mypertamina']"
2022-08-04 17:26:48+00:00,1555243870123745280,beritasampit_id,0,0,0,implementasi mypertamina harus memenuhi standar pelayanan publik dalam pendataan pembatasan kuota bbm subsidi  tern,"['implementasi', 'mypertamina', 'penuh', 'standar', 'layan', 'publik', 'data', 'batas', 'kuota', 'bbm', 'subsidi', 'tern']"
2022-08-04 17:26:13+00:00,1555243725349040130,warkop_tkj,0,0,0,wakil bupati sleman berikan arahan sosialisasi penerapan dan pelatihan aplikasi mypertamina,"['wakil', 'bupati', 'sleman', 'arah', 'sosialisasi', 'terap', 'latih', 'aplikasi', 'mypertamina']"
2022-08-04 17:24:49+00:00,1555243371110830080,beritasampit_id,0,0,0,implementasi mypertamina harus memenuhi standar pelayanan publik dalam pendataan pembatasan kuota bbmÂ subsidi,"['implementasi', 'mypertamina', 'penuh', 'standar', 'layan', 'publik', 'data', 'batas', 'kuota', 'bbm', 'subsidi']"
2022-08-04 17:24:04+00:00,1555243183285862400,cakranewsonline,0,0,0,implementasi mypertamina harus memenuhi standar pelayanan publik,"['implementasi', 'mypertamina', 'penuh', 'standar', 'layan', 'publik']"
2022-08-04 17:01:13+00:00,1555237433934983168,loopythereal,0,0,0,sip tingga tunggu verifikasinya aja,"['sip', 'tingga', 'tunggu', 'verifikasi', 'aja']"
2022-08-04 17:00:43+00:00,1555237308743368705,loopythereal,3,0,0,ini di mana di jakarta masih byk tp tempat ngisinya di kurangin ğŸ¤£ yang pertalite cuma di ksh  jalur doang sisanya buat pertamax dsb,"['jakarta', 'byk', 'tp', 'ngisinya', 'rangin', '', 'pertalite', 'ksh', 'jalur', 'doang', 'sisa', 'pertamax', 'dsb']"
2022-08-04 16:15:46+00:00,1555225996634517505,J93vS84,1,0,0,plot twist mereka login mypertamina sebelum ngisi bensin,"['plot', 'twist', 'login', 'mypertamina', 'ngisi', 'bensin']"
2022-08-04 15:54:22+00:00,1555220609571102720,tarto888,2,0,0,sekarang malah pertlitnya yg ga pernah ada di pomsetiap mau ngisi selelu ada tulisan pertlite dalam perjalananğŸ˜†ğŸ˜†ğŸ˜†,"['pertlitnya', 'yg', 'ga', 'pomsetiap', 'ngisi', 'selelu', 'tulis', 'pertlite', 'jalan']"
2022-08-04 15:51:44+00:00,1555219946506174464,tarto888,1,0,0,sudah bang sudah kelar sudah saya perkecil,"['bang', 'kelar', 'kecil']"
2022-08-04 15:38:37+00:00,1555216645916086273,cardboxman87,1,0,0,gmn ni kak saya ud daftar sejak  juli kok belom dpt balasan sampai saat ini,"['gmn', 'ni', 'kak', 'ud', 'daftar', 'juli', 'bom', 'dpt', 'balas']"
2022-08-04 15:07:48+00:00,1555208890908037120,MyPertaminaID,0,0,0,samasama sukses selalu adi,"['samasama', 'sukses', 'adi']"
2022-08-04 15:06:22+00:00,1555208528003944448,tribunpontianak,0,0,0,skenario beli pertalite dan solar resmi pakai mypertamina berlaku mulai september     lewat,"['skenario', 'beli', 'pertalite', 'solar', 'resmi', 'pakai', 'mypertamina', 'laku', 'september']"
2022-08-04 14:50:56+00:00,1555204645966200833,MyPertaminaID,0,0,0,king hai sobat boddah terima kasih atas saran yang diberikan apabila berkenan dapat disampaikan detail kronologisnya melalui dm mohon maaf atas ketidaknyamanannya tks adi,"['king', 'hai', 'sobat', 'boddah', 'terima', 'kasih', 'saran', 'kenan', 'detail', 'kronologis', 'dm', 'mohon', 'maaf', 'ketidaknyamanannya', 'tks', 'adi']"
2022-08-04 14:49:03+00:00,1555204170143379457,sariagri_id,0,0,0,pengamat beli bbm subsidi lewat mypertamina sudah tepat,"['amat', 'beli', 'bbm', 'subsidi', 'mypertamina']"
2022-08-04 14:38:23+00:00,1555201488972316677,vinnalay_,0,0,1,canadian must use  apps indonesian must use  apps since global virus and war attack rach country make us many rules must using apps to buy must fill out private doc to sign up application its sounds weird ğŸŒğŸ”Š,"['canadian', 'must', 'use', 'apps', 'indonesian', 'must', 'use', 'apps', 'since', 'global', 'virus', 'and', 'war', 'attack', 'rach', 'country', 'make', 'us', 'many', 'rules', 'must', 'using', 'apps', 'to', 'buy', 'must', 'fill', 'out', 'private', 'doc', 'to', 'sign', 'up', 'application', 'its', 'sounds', 'weird', '']"
2022-08-04 14:31:55+00:00,1555199861351657475,Rizqiadipradana,1,0,0,terima kasih min,"['terima', 'kasih', 'min']"
2022-08-04 14:31:11+00:00,1555199676202512384,B4msaja,0,0,0,kotaku tidak masuk wilayah uji coba aplikasi mypertamina tapi pengiriman truk bbm sudah di batasi tiap hari kita di suguhi dan dipaksa ikut parade  kere ngantri bbm di negara sendiri ancene  anjg,"['kota', 'masuk', 'wilayah', 'uji', 'coba', 'aplikasi', 'mypertamina', 'kirim', 'truk', 'bbm', 'batas', 'suguh', 'paksa', 'parade', 'kere', 'ngantri', 'bbm', 'negara', 'ancene', 'anjg']"
2022-08-04 14:05:03+00:00,1555193100615954434,iqbalRawaly,0,0,0,my pertamina dijamin batal ğŸ˜‚ğŸ˜‚,"['my', 'pertamina', 'jamin', 'batal', '']"
2022-08-04 13:54:57+00:00,1555190555671691266,aisberr0,0,0,0,setau dan se nangkepkuyg pake my pertamina tuh solar bersubsidi dan pertalite roda  tp gtau deh,"['tau', 'nangkepkuyg', 'pake', 'my', 'pertamina', 'tuh', 'solar', 'subsidi', 'pertalite', 'roda', 'tp', 'gtau', 'deh']"
2022-08-04 13:27:50+00:00,1555183734047244290,Seonwoosky,0,0,0,berikut ini cara daftar dan transaksi bbm subsidi tepat mypertamina semoga bermanfaat ya ğŸ¤—ğŸ¤—,"['daftar', 'transaksi', 'bbm', 'subsidi', 'mypertamina', 'moga', 'manfaat', 'ya', '']"
2022-08-04 13:27:33+00:00,1555183660269453315,illaundaitti,1,0,0,bagaimana cara mendapatkan password claim pada aplikasi mypertamina,"['password', 'claim', 'aplikasi', 'mypertamina']"
2022-08-04 13:10:16+00:00,1555179311170080768,dchnrmdha,0,0,0,ğŸ˜,['']
2022-08-04 13:10:15+00:00,1555179309119455232,bys_king11,1,0,0,spbbu  kedoya self service tp  orang operator megang  mesin pompa saya sih baru pertama kali isi di sini krn terpaksa pom deket rumah habis pertamax nya ternyata yg bikin antrian panjang di pom ini karena  operator pegang  mesin tolonglah ditingkatkan pelayanannya,"['spbbu', 'kedoya', 'self', 'service', 'tp', 'orang', 'operator', 'megang', 'mesin', 'pompa', 'sih', 'kali', 'isi', 'krn', 'paksa', 'pom', 'deket', 'rumah', 'habis', 'pertamax', 'nya', 'yg', 'bikin', 'antri', 'pom', 'operator', 'pegang', 'mesin', 'tolong', 'tingkat', 'layan']"
2022-08-04 13:07:14+00:00,1555178546749878273,hopearlve,0,0,0,wduh cb sruh dnlod mypertamina dixckk,"['wduh', 'cb', 'sruh', 'dnlod', 'mypertamina', 'dixckk']"
2022-08-04 13:04:14+00:00,1555177791775129600,kumparan,0,0,0,ombudsman ri dalam diskusi publik di ternate menilai aplikasi mypertamina sebagai sarana pendataan distribusi bbm bersubsidi harus memenuhi standar pelayanan publik,"['ombudsman', 'ri', 'diskusi', 'publik', 'ternate', 'nilai', 'aplikasi', 'mypertamina', 'sarana', 'data', 'distribusi', 'bbm', 'subsidi', 'penuh', 'standar', 'layan', 'publik']"
2022-08-04 12:59:22+00:00,1555176568632139776,Surya_4L,1,0,0,nganggo my pertamina ora lur nek tumbas,"['nganggo', 'my', 'pertamina', 'ora', 'lur', 'nek', 'tumbas']"
2022-08-04 12:37:06+00:00,1555170965142659072,sariagri_id,0,0,0,pengamat desak penggunaan mypertamina dibatalkan ini alasannya,"['amat', 'desak', 'guna', 'mypertamina', 'batal', 'alas']"
2022-08-04 12:35:39+00:00,1555170601182334977,AlwaaCorollaa,0,0,0,yuk simak cara daftar dan transaksi bbm subsidi tepat mypertamina ğŸ˜™ğŸ‘ğŸ»,"['yuk', 'simak', 'daftar', 'transaksi', 'bbm', 'subsidi', 'mypertamina', '']"
2022-08-04 12:15:57+00:00,1555165644400005120,ayangip,1,0,0,tanyain dulu punya mypertamina belom,"['tanyain', 'mypertamina', 'bom']"
2022-08-04 12:00:21+00:00,1555161718182928384,pertamaxseries,0,2,2,dijamin pembakaran sempurna dari ron  bakal bikin mesin lebih bertenaga dan akselerasi lebih optimal anti tersengalsengal slebeeew,"['jamin', 'bakar', 'sempurna', 'ron', 'bikin', 'mesin', 'tenaga', 'akselerasi', 'optimal', 'anti', 'tersengalsengal', 'slebeeew']"
2022-08-04 12:00:20+00:00,1555161713959284736,pertamaxseries,1,2,2,merinding banget sih kalo sampai kena teror mesin pengap sepanjang jalan ada yang pernah   buat yang pernah pasti belom pake pertamax turbo nih coba deh isi pertamax turbo sekarang,"['merinding', 'banget', 'sih', 'kalo', 'kena', 'teror', 'mesin', 'pengap', 'jalan', 'bom', 'pake', 'pertamax', 'turbo', 'nih', 'coba', 'deh', 'isi', 'pertamax', 'turbo']"
2022-08-04 11:49:58+00:00,1555159102698819584,Icu663,0,1,0,my pertamina  my du ngu,"['my', 'pertamina', 'my', 'du', 'ngu']"
2022-08-04 11:45:53+00:00,1555158078429233154,MyPertaminaID,0,0,0,hai sobat pastikan sudah follow akun   terlebih dahulu atau periksa pengaturan pesan pada akun sobat tks tedi,"['hai', 'sobat', 'pasti', 'follow', 'akun', 'periksa', 'atur', 'pesan', 'akun', 'sobat', 'tks', 'tedi']"
2022-08-04 11:38:17+00:00,1555156164618649600,kelvinarnandi,0,0,0,terima kasih di websitenya utk mencari tahu kalau data sedang diproses  masih antri atau sudah selesai diverifikasi lihatnya dimana ya thx,"['terima', 'kasih', 'websitenya', 'utk', 'cari', 'data', 'proses', 'antri', 'selesai', 'verifikasi', 'lihat', 'mana', 'ya', 'thx']"
2022-08-04 11:33:17+00:00,1555154904095764480,MyPertaminaID,1,0,0,silakan untuk melakukan pengecekan status pendaftaran di website secara berkala terima kasih firman,"['sila', 'kece', 'status', 'daftar', 'website', 'kala', 'terima', 'kasih', 'firman']"
2022-08-04 11:32:53+00:00,1555154803046563840,MyPertaminaID,0,0,0,hai sobat kelvin apabila sobat berhasil melakukan edit data di website  mohon berkenan menunggu proses konfirmasi data dalam  hari kerja tidak termasuk sabtu  minggu dan hari libur nasional di alamat email yang telah didaftarkan,"['hai', 'sobat', 'kelvin', 'sobat', 'hasil', 'edit', 'data', 'website', 'mohon', 'kenan', 'tunggu', 'proses', 'konfirmasi', 'data', 'kerja', 'sabtu', 'minggu', 'libur', 'nasional', 'alamat', 'email', 'daftar']"
2022-08-04 11:29:43+00:00,1555154009530707968,asady27,1,0,0,lah ndak bisa dm,"['ndak', 'dm']"
2022-08-04 11:27:53+00:00,1555153544986374146,asady27,0,0,0,oke siap trims,"['oke', 'trims']"
2022-08-04 11:23:06+00:00,1555152344580468736,antarabiz,0,0,0,sleman gelar sosialisasi dan pelatihan penerapan aplikasi mypertamina,"['sleman', 'gelar', 'sosialisasi', 'latih', 'terap', 'aplikasi', 'mypertamina']"
2022-08-04 11:22:49+00:00,1555152271851532288,kelvinarnandi,2,0,0,sore minggu lalu verifikasi subsidi tepat saya ada salah data sudah diedit tapi blm ada email masuk lagi sampai hari ini apa ada solusinya thx,"['sore', 'minggu', 'verifikasi', 'subsidi', 'salah', 'data', 'edit', 'blm', 'email', 'masuk', 'solusi', 'thx']"
2022-08-04 11:12:43+00:00,1555149730946043909,MyPertaminaID,0,0,0,hai sobat maryanto mengenai hal tersebut adalah penipuan hatihati terhadap oknum yang mengatasnamakan pt pertamina persero informasi lebih lanjut terkait undian mypertamina tebar hadiah bisa cek tautan  tks gio,"['hai', 'sobat', 'maryanto', 'tipu', 'hatihati', 'oknum', 'mengatasnamakan', 'pt', 'pertamina', 'persero', 'informasi', 'kait', 'undi', 'mypertamina', 'tebar', 'hadiah', 'cek', 'taut', 'tks', 'gio']"
2022-08-04 11:07:05+00:00,1555148311266738176,maryantoooo,2,0,0,lumayan mas info donf bener apa tidak ğŸ˜,"['lumayan', 'mas', 'info', 'donf', 'bener', '']"
2022-08-04 10:39:09+00:00,1555141281185398784,0802fathul,0,0,0,nah ini guys cara daftar dan transaksi bbm subsidi tepat mypertamina ğŸ‘,"['guys', 'daftar', 'transaksi', 'bbm', 'subsidi', 'mypertamina', '']"
2022-08-04 10:30:29+00:00,1555139101099077633,debening,0,0,0,yuk segera di simak nih cara daftar dan transaksi bbm subsidi tepat mypertamina ğŸ‘ğŸ»,"['yuk', 'simak', 'nih', 'daftar', 'transaksi', 'bbm', 'subsidi', 'mypertamina', '']"
2022-08-04 10:29:55+00:00,1555138957985230848,redupetang,0,0,0,naah ini dia guys cara daftar dan transaksi bbm subsidi tepat melalui mypertamina ğŸ‘,"['naah', 'guys', 'daftar', 'transaksi', 'bbm', 'subsidi', 'mypertamina', '']"
2022-08-04 10:29:11+00:00,1555138775419740160,ziiunik,0,0,0,nih buat yang belum tahu cara daftar dan transaksi bbm subsidi tepat mypertamina mudah kok ini bisa di simak informasinya yaa guys ğŸ‘ğŸ»,"['nih', 'daftar', 'transaksi', 'bbm', 'subsidi', 'mypertamina', 'mudah', 'simak', 'informasi', 'yaa', 'guys', '']"
2022-08-04 10:28:27+00:00,1555138591554015232,Bulanndua,0,0,0,ini dia guyss buat cara daftar dan transaksi bbm subsidi tepat mypertamina kuy disimak biar pada paham yah,"['guyss', 'daftar', 'transaksi', 'bbm', 'subsidi', 'mypertamina', 'kuy', 'simak', 'biar', 'paham', 'yah']"
2022-08-04 10:24:49+00:00,1555137674406948865,jiiesoya,0,0,0,yuk sama sama di simak nih cara daftar dan transaksi bbm subsidi tepat mypertamina,"['yuk', 'simak', 'nih', 'daftar', 'transaksi', 'bbm', 'subsidi', 'mypertamina']"
2022-08-04 10:24:12+00:00,1555137521054777344,himinggu,0,0,0,ini yaa informasi lengkapnya bagaimana cara daftar dan transaksi bbm subsidi tepat mypertamina yuk disimak infonya,"['yaa', 'informasi', 'lengkap', 'daftar', 'transaksi', 'bbm', 'subsidi', 'mypertamina', 'yuk', 'simak', 'info']"
2022-08-04 10:23:32+00:00,1555137350208192513,salselasa,0,0,0,jadi ini yaa guys cara daftar dan transaksi bbm subsidi tepat mypertamina  mudah sekali pastinya mantap deh,"['yaa', 'guys', 'daftar', 'transaksi', 'bbm', 'subsidi', 'mypertamina', 'mudah', 'pasti', 'mantap', 'deh']"
2022-08-04 10:20:06+00:00,1555136488345456640,denahbiru,0,0,0,nah gini loh guys buat cara terlengkap nya daftar dan transaksi bbm subsidi tepat mypertamina  simak yuk dan pahami juga ya,"['gin', 'loh', 'guys', 'lengkap', 'nya', 'daftar', 'transaksi', 'bbm', 'subsidi', 'mypertamina', 'simak', 'yuk', 'paham', 'ya']"
2022-08-04 10:19:30+00:00,1555136337954500608,nawangzh,0,0,0,jadi begini yaa guys buat cara daftar dan transaksi bbm subsidi tepat mypertamina yaa ğŸ‘ğŸ»,"['yaa', 'guys', 'daftar', 'transaksi', 'bbm', 'subsidi', 'mypertamina', 'yaa', '']"
2022-08-04 10:18:53+00:00,1555136181829980160,ynnaare,0,0,0,ayo disimak informasinya ini guys untuk cara daftar dan transaksi bbm subsidi tepat mypertamina,"['ayo', 'simak', 'informasi', 'guys', 'daftar', 'transaksi', 'bbm', 'subsidi', 'mypertamina']"
2022-08-04 10:01:56+00:00,1555131916633796609,cintiaciputra,0,2,2,a number of drivers around the market with the city of sorong west papua flocked to register as users of subsidized bbm or mypertaminas precise subsidies,"['a', 'number', 'of', 'drivers', 'around', 'the', 'market', 'with', 'the', 'city', 'of', 'sorong', 'west', 'papua', 'flocked', 'to', 'register', 'as', 'users', 'of', 'subsidized', 'bbm', 'or', 'mypertaminas', 'precise', 'subsidies']"
2022-08-04 10:01:18+00:00,1555131755648401413,Hyeriego1,0,0,0,nih buat yang belum tahu cara daftar dan transaksi bbm subsidi tepat mypertamina mudah kok bisa dibaca yaa ğŸ¥°ğŸ‘ğŸ»,"['nih', 'daftar', 'transaksi', 'bbm', 'subsidi', 'mypertamina', 'mudah', 'baca', 'yaa', '']"
2022-08-04 09:59:33+00:00,1555131314755366912,kompascom,0,0,0,saat ini kriteria kendaraan yang dibolehkan membeli pertalite atau solar dengan mendaftar di mypertamina diatur berdasarkan kubikasi mesin,"['kriteria', 'kendara', 'boleh', 'beli', 'pertalite', 'solar', 'daftar', 'mypertamina', 'atur', 'dasar', 'kubikasi', 'mesin']"
2022-08-04 09:56:12+00:00,1555130472560074752,MyPertaminaID,2,0,0,hai sobat as poin akan didapatkan maksimal x jam setelah transaksi berhasil silakan sobat sampaikan nomor telepon mypertamina melalui dm guna kami bantu pengecekan tks firman,"['hai', 'sobat', 'as', 'poin', 'dapat', 'maksimal', 'x', 'jam', 'transaksi', 'hasil', 'sila', 'sobat', 'nomor', 'telepon', 'mypertamina', 'dm', 'bantu', 'kece', 'tks', 'firman']"
2022-08-04 09:54:41+00:00,1555130093638664192,Pujowiebowo,0,0,0,mosok mypertamina gak iso bedake alphard karo mobil lcgc ğŸ˜ğŸ˜,"['mosok', 'mypertamina', 'gak', 'iso', 'bedake', 'alphard', 'karo', 'mobil', 'lcgc', '']"
2022-08-04 09:47:31+00:00,1555128287521042432,Pujowiebowo,0,0,0,ono alphard ngisi bbm tukune pertalite subsidi mburine pas ngantri motor bebek dan tukune nganggo  mypertamina,"['ono', 'alphard', 'ngisi', 'bbm', 'tukune', 'pertalite', 'subsidi', 'mburine', 'pas', 'ngantri', 'motor', 'bebek', 'tukune', 'nganggo', 'mypertamina']"
2022-08-04 09:46:17+00:00,1555127979906256896,tribun_PKU,0,0,0,mypertamina cegah bbm subsidi over kuota dan jamin subsidi tepat sasaran,"['mypertamina', 'cegah', 'bbm', 'subsidi', 'over', 'kuota', 'jamin', 'subsidi', 'sasar']"
2022-08-04 09:43:39+00:00,1555127315469766656,asady27,0,0,0,cek poin,"['cek', 'poin']"
2022-08-04 09:43:08+00:00,1555127183479255040,asady27,2,0,0,poinnya berapa lama masuknya padahal tadi sudah klaim  poin pembelian pertamax liter pakai,"['poin', 'masuk', 'klaim', 'poin', 'beli', 'pertamax', 'liter', 'pakai']"
2022-08-04 09:40:03+00:00,1555126407625248773,KompasEkonomi,0,0,0,pembelian bbm subsidi pakai mypertamina apakah lcgc boleh beli pertalite,"['beli', 'bbm', 'subsidi', 'pakai', 'mypertamina', 'lcgc', 'beli', 'pertalite']"
2022-08-04 09:23:50+00:00,1555122327859654658,ayrahokii,0,0,0,ini dia cara daftar dan transaksi bbm subsidi tepat mypertamina kuy disimak biar pada paham ğŸ‘ŒğŸ‘Œ,"['daftar', 'transaksi', 'bbm', 'subsidi', 'mypertamina', 'kuy', 'simak', 'biar', 'paham', '']"
2022-08-04 09:22:32+00:00,1555122000712339458,Luvaoki,0,0,1,inilah cara daftar dan transaksi bbm subsidi tepat mypertamina yuk disimak infonya ğŸ‘‡,"['daftar', 'transaksi', 'bbm', 'subsidi', 'mypertamina', 'yuk', 'simak', 'info', '']"
2022-08-04 09:18:59+00:00,1555121109141712896,yunacityx,0,0,0,ternyata gini loh guys cara daftar dan transaksi bbm subsidi tepat mypertamina simak yuk dan pahami juga yaa ğŸ˜‰,"['gin', 'loh', 'guys', 'daftar', 'transaksi', 'bbm', 'subsidi', 'mypertamina', 'simak', 'yuk', 'paham', 'yaa', '']"
2022-08-04 09:16:45+00:00,1555120545490149376,xyraira,0,0,0,jadi begini cara daftar dan transaksi bbm subsidi tepat mypertamina yaa guys ğŸ‘ğŸ‘,"['daftar', 'transaksi', 'bbm', 'subsidi', 'mypertamina', 'yaa', 'guys', '']"
2022-08-04 09:15:11+00:00,1555120150806155265,adreena_2,0,0,0,disimak guys untuk cara daftar dan transaksi bbm subsidi tepat mypertamina ğŸ‘‡,"['simak', 'guys', 'daftar', 'transaksi', 'bbm', 'subsidi', 'mypertamina', '']"
2022-08-04 09:00:18+00:00,1555116406479343616,MyPertaminaID,0,0,1,untuk informasi lebih lengkapnya langsung hubungi pertamina call center  ya,"['informasi', 'lengkap', 'langsung', 'hubung', 'pertamina', 'call', 'center', 'ya']"
2022-08-04 09:00:15+00:00,1555116391270793216,MyPertaminaID,1,0,1,eitss kalo mau daftar offline jangan lupa udah siapin beberapa dokumen yang dibutuhin ya seperti ktp foto diri stnk kir dan dokumen pendukung lainnya,"['eitss', 'kalo', 'daftar', 'offline', 'lupa', 'udah', 'siapin', 'dokumen', 'dibutuhin', 'ya', 'ktp', 'foto', 'stnk', 'kir', 'dokumen', 'dukung']"
2022-08-04 09:00:10+00:00,1555116373294034944,MyPertaminaID,2,0,1,hai sob jadi udah tau kan di mana aja lokasinya so buat yang tinggal di pulau sumatera kamu bisa langsung mengunjungi lokasi pendaftaran offline subsidi tepat yang ada digambar ya ğŸ¤—,"['hai', 'sob', 'udah', 'tau', 'aja', 'lokasi', 'so', 'tinggal', 'pulau', 'sumatera', 'langsung', 'unjung', 'lokasi', 'daftar', 'offline', 'subsidi', 'gambar', 'ya', '']"
2022-08-04 08:59:49+00:00,1555116284571820032,yujau,0,0,0,ya ditunggu fitur dm tidak ditampilkan jadi tidak bisa dm,"['ya', 'tunggu', 'fitur', 'dm', 'tampil', 'dm']"
2022-08-04 08:58:30+00:00,1555115951850328066,MyPertaminaID,1,0,0,kami bantu sampaikan melalui dm ya sobat tks firman,"['bantu', 'dm', 'ya', 'sobat', 'tks', 'firman']"
2022-08-04 08:53:35+00:00,1555114715969470464,Zyanpatra,0,0,0,demi bbm bersubsidi  ribu kendaraan di sumsel daftarÂ mypertamina,"['bbm', 'subsidi', 'ribu', 'kendara', 'sumsel', 'daftar', 'mypertamina']"
2022-08-04 08:52:52+00:00,1555114536104894465,yujau,1,0,0,ya barusan saya edit hari ini biar bisa verifikasi saya ga bisa dm,"['ya', 'barusan', 'edit', 'biar', 'verifikasi', 'ga', 'dm']"
2022-08-04 08:47:15+00:00,1555113120070176773,MyPertaminaID,1,0,0,hai sobat yujau apakah sobat melakukan edit data jika iya silakan sobat sampaikan tanggal edit datanya melalui dm tks firman,"['hai', 'sobat', 'yujau', 'sobat', 'edit', 'data', 'iya', 'sila', 'sobat', 'tanggal', 'edit', 'data', 'dm', 'tks', 'firman']"
2022-08-04 08:43:08+00:00,1555112086241308673,yujau,1,0,0,kenapa sudah dapat kode barcode kemudian hilang lagi padahal plat nomor sudah terdaftar,"['kode', 'barcode', 'hilang', 'plat', 'nomor', 'daftar']"
2022-08-04 08:39:45+00:00,1555111235829477378,elangnewscom,0,0,0,terkait rencana pengurangan subsidi bbm selain keberadaan mypertamina perlu inovasi lainya pada tata kelola distribusi bbm petamina,"['kait', 'rencana', 'kurang', 'subsidi', 'bbm', 'ada', 'mypertamina', 'inovasi', 'lai', 'tata', 'kelola', 'distribusi', 'bbm', 'petamina']"
2022-08-04 08:33:45+00:00,1555109723921600512,gholie28,0,0,0,jawabannya  c,"['jawab', 'c']"
2022-08-04 08:31:06+00:00,1555109058155147264,voidotid,0,0,0,penerapan aplikasi mypertamina saat mengisi bahan bakar minyak bbm di spbu oleh pertamina bertujuan untuk mencegah terjadinya penggunaan bbm bersubsidi tidak tepat sasaran,"['terap', 'aplikasi', 'mypertamina', 'isi', 'bahan', 'bakar', 'minyak', 'bbm', 'spbu', 'pertamina', 'tuju', 'cegah', 'guna', 'bbm', 'subsidi', 'sasar']"
2022-08-04 08:29:56+00:00,1555108765908627456,haryanto_tungu,0,0,0,c biru,"['c', 'biru']"
2022-08-04 08:25:35+00:00,1555107670897881088,officialntv_,0,0,1,legislator minta penggunaan aplikasi mypertamina dikaji ulang,"['legislator', 'guna', 'aplikasi', 'mypertamina', 'kaji', 'ulang']"
2022-08-04 07:51:38+00:00,1555099125385142272,mitrapost_,0,0,0,anggota dpr dari pks minta pemerintah kaji ulang mypertamina,"['anggota', 'dpr', 'pks', 'perintah', 'kaji', 'ulang', 'mypertamina']"
2022-08-04 07:23:33+00:00,1555092056485220352,sariagri_id,0,0,0,dinilai menyulitkan rakyat dpr minta penggunaan mypertamina dikaji ulang,"['nilai', 'sulit', 'rakyat', 'dpr', 'guna', 'mypertamina', 'kaji', 'ulang']"
2022-08-04 07:02:46+00:00,1555086828558254081,selebcuit,0,0,0,nah  dah pinteran dikit  jadi gak perlu tuh pakai mypertamina,"['dah', 'pinteran', 'dikit', 'gak', 'tuh', 'pakai', 'mypertamina']"
2022-08-04 07:02:32+00:00,1555086768000876545,wonosobo1menit,0,0,1,check out this article banyak warga bakal kesulitan beli bbm bersubsidi pendaftar mypertamina di wonosobo masih rendah,"['check', 'out', 'this', 'article', 'warga', 'sulit', 'beli', 'bbm', 'subsidi', 'daftar', 'mypertamina', 'wonosobo', 'rendah']"
2022-08-04 06:30:44+00:00,1555078764446437376,shushulalla,0,0,0,ok tq,"['ok', 'tq']"
2022-08-04 06:24:36+00:00,1555077223660457984,MyPertaminaID,1,0,0,hai sobat apabila telah melakukan perubahan data dapat menunggu prosesnya maksimal  hari kerja informasi lebih lanjut cek tautan  tks gio,"['hai', 'sobat', 'ubah', 'data', 'tunggu', 'proses', 'maksimal', 'kerja', 'informasi', 'cek', 'taut', 'tks', 'gio']"
2022-08-04 06:24:33+00:00,1555077211232690176,Fortune_IDN,0,0,0,penerapan mypertamina diperkirakan bulan september,"['terap', 'mypertamina', 'september']"
2022-08-04 06:19:51+00:00,1555076025364914176,gilangmy95,1,0,0,buat apa ada my pertamina kalo kebanyakan pom bensin print nota nya aja sering eror   perbaiki dulu deh internalnya barulah bikin sistem untuk masyarakat luas,"['my', 'pertamina', 'kalo', 'banyak', 'pom', 'bensin', 'print', 'nota', 'nya', 'aja', 'eror', 'baik', 'deh', 'internal', 'baru', 'bikin', 'sistem', 'masyarakat', 'luas']"
2022-08-04 06:17:17+00:00,1555075383120105472,MyPertaminaID,0,0,0,hai sobat allena mohon maaf atas ketidaknyamanannya mengenai hal tersebut akan kami bantu sampaikan melalui dm ya tks tedi,"['hai', 'sobat', 'allena', 'mohon', 'maaf', 'ketidaknyamanannya', 'bantu', 'dm', 'ya', 'tks', 'tedi']"
2022-08-04 06:13:41+00:00,1555074473899933696,shushulalla,1,0,0,min saya dapet email kalau kendaraan saya belum terverifikasi karena ada kesalahan penulisan silinder mobil nah sekarang kan sudah saya edit itu perlu confirm ulang dengan balas emailnya gak sih,"['min', 'dapet', 'email', 'kendara', 'verifikasi', 'salah', 'tulis', 'silinder', 'mobil', 'edit', 'confirm', 'ulang', 'balas', 'email', 'gak', 'sih']"
2022-08-04 06:08:06+00:00,1555073071639404544,teropong_news,0,0,0,sejumlah sopir di kota sorong daftar subsidi tepatÂ mypertamina,"['sopir', 'kota', 'sorong', 'daftar', 'subsidi', 'mypertamina']"
2022-08-04 06:07:52+00:00,1555073013325787141,ymsstay,1,0,0,halo   saya dari kemarin coba daftar subsidi mypertamina kok selalu gagalerror ya tidak bisa simpan progress juga,"['halo', 'kemarin', 'coba', 'daftar', 'subsidi', 'mypertamina', 'gagalerror', 'ya', 'simpan', 'progress']"
2022-08-04 06:05:15+00:00,1555072352203198465,fridus04,0,0,0,pertamina di ttu belum menggunakan aplikasi mypertamina,"['pertamina', 'ttu', 'aplikasi', 'mypertamina']"
2022-08-04 06:00:05+00:00,1555071054040764416,validnewsid,0,0,0,pembatasan pembelian bbm bersubsidi lewat aplikasi mypertamina dinilai tetap akan sulit menahan jebolnya volume bbm subsidi mengapa demikian,"['batas', 'beli', 'bbm', 'subsidi', 'aplikasi', 'mypertamina', 'nilai', 'sulit', 'tahan', 'jebol', 'volume', 'bbm', 'subsidi']"
2022-08-04 05:43:05+00:00,1555066773208047616,kumparan,0,0,0,bamsoet menyoroti pentingnya keterbukaan informasi karena ketika pemerintah mengumumkan subsidi bbm lewat mypertamina banyak masyarakat yang kebingungan,"['bamsoet', 'sorot', 'buka', 'informasi', 'perintah', 'umum', 'subsidi', 'bbm', 'mypertamina', 'masyarakat', 'bingung']"
2022-08-04 05:07:51+00:00,1555057906294202369,murianewscom,0,0,0,daftar  spbu di kudus yang layani pendaftaran bbm subsidi  selengkapnya klik tautan berikut ini,"['daftar', 'spbu', 'kudus', 'layan', 'daftar', 'bbm', 'subsidi', 'lengkap', 'klik', 'taut']"
2022-08-04 05:01:36+00:00,1555056335967977472,heriwebcom,0,0,0,warga kupang antusias daftarÂ mypertamina,"['warga', 'kupang', 'antusias', 'daftar', 'mypertamina']"
2022-08-04 05:00:25+00:00,1555056035789869056,murianewscom,0,0,0,warga kudus bisa daftar bbm subsidi langsung di spbu  selengkapnya klik tautan berikut ini,"['warga', 'kudus', 'daftar', 'bbm', 'subsidi', 'langsung', 'spbu', 'lengkap', 'klik', 'taut']"
2022-08-04 05:00:03+00:00,1555055946724175872,MyPertaminaID,0,0,0,samasama terima kasih atas kesetiaannya menggunakan produk pertamina gio,"['samasama', 'terima', 'kasih', 'setia', 'produk', 'pertamina', 'gio']"
2022-08-04 04:57:38+00:00,1555055337803112448,kyungsoowife127,1,0,0,okee makasi yaa adminğŸ¤ŸğŸ’Œ,"['okee', 'makas', 'yaa', 'admin']"
2022-08-04 04:30:06+00:00,1555048409832165377,holiday_ayo,0,0,0,subsidy programs through mypertamina must continue to be communicated,"['subsidy', 'programs', 'through', 'mypertamina', 'must', 'continue', 'to', 'be', 'communicated']"
2022-08-04 04:11:51+00:00,1555043814112256000,MyPertaminaID,1,0,0,website  setelah mendapatkan konfirmasi sebagai konsumen yang berhak menerima bbm subsidi tks gio,"['website', 'konfirmasi', 'konsumen', 'hak', 'terima', 'bbm', 'subsidi', 'tks', 'gio']"
2022-08-04 04:11:43+00:00,1555043783154118656,MyPertaminaID,1,0,0,hai sobat fira apabila telah melakukan pendaftaran dapat menunggu proses pencocokan data maksimal  hari kerja hasil pencocokan data akan dikonfirmasi via email yang didaftarkan qr code bisa didapatkan dari aplikasi mypertamina atau,"['hai', 'sobat', 'fira', 'daftar', 'tunggu', 'proses', 'cocok', 'data', 'maksimal', 'kerja', 'hasil', 'cocok', 'data', 'konfirmasi', 'via', 'email', 'daftar', 'qr', 'code', 'dapat', 'aplikasi', 'mypertamina']"
2022-08-04 04:04:11+00:00,1555041885185404928,kyungsoowife127,1,0,0,ini aku sedi tiap hari ditanyain bapakku mulu kapan muncul kodenya plissss aku kan gatau yaa busedğŸ˜­ğŸ˜­ğŸ˜­,"['sedi', 'ditanyain', 'bapak', 'mulu', 'muncul', 'kode', 'plissss', 'gatau', 'yaa', 'bused']"
2022-08-04 03:55:14+00:00,1555039633636896768,MyPertaminaID,0,0,1,hai sobat raditya kami informasikan harga bbm dievaluasi setiap periode untuk melihat kesesuaian harga jual dengan harga minyak dunia periode sebelumnya perihal ini sesuai regulasi keputusan menteri esdm informasi lebih lanjut cek tautan  tks gio,"['hai', 'sobat', 'raditya', 'informasi', 'harga', 'bbm', 'evaluasi', 'periode', 'sesuai', 'harga', 'jual', 'harga', 'minyak', 'dunia', 'periode', 'perihal', 'sesuai', 'regulasi', 'putus', 'menteri', 'esdm', 'informasi', 'cek', 'taut', 'tks', 'gio']"
2022-08-04 03:43:29+00:00,1555036677567283201,FebriyaniPaula,0,0,0,untuk kalimantan tengah adanya kenaikan bbm al  pertamax turbo pertamina dex dan dexlite untuk pertamax turbo ron  per liter rp  pertamina dex cn  per liter menjadi rp  dan dexlite cn  per liter menjadi rp,"['kalimantan', 'naik', 'bbm', 'al', 'pertamax', 'turbo', 'pertamina', 'dex', 'dexlite', 'pertamax', 'turbo', 'ron', 'liter', 'rp', 'pertamina', 'dex', 'cn', 'liter', 'rp', 'dexlite', 'cn', 'liter', 'rp']"
2022-08-04 03:33:02+00:00,1555034045309825024,henagoesra,1,0,0,terima kasih informasinya,"['terima', 'kasih', 'informasi']"
2022-08-04 03:27:12+00:00,1555032578091933696,IDbelasting,0,0,0,kuota makin menipis tidak cukup memenuhi kebutuhan hingga akhir tahun,"['kuota', 'tip', 'penuh', 'butuh']"
2022-08-04 03:23:03+00:00,1555031533219565570,MyPertaminaID,0,0,0,pembayarannya bisa secara cash atau cashless sesuai metode pembayaran di spbu tks gio,"['bayar', 'cash', 'cashless', 'sesuai', 'metode', 'bayar', 'spbu', 'tks', 'gio']"
2022-08-04 03:22:43+00:00,1555031451510312960,MyPertaminaID,1,0,0,pendaftatannya bisa dilakukan oleh sopir atau pemilik kendaraan apabila terkonfirmasi sebagai konsumen yang berhak menerima bbm subsidi sobat dapat melakukan pembelian bbm subsidi tanpa menggunakan aplikasi mypertamina dengan menunjukan qr code yang sudah dicetak dan,"['pendaftatannya', 'sopir', 'milik', 'kendara', 'konfirmasi', 'konsumen', 'hak', 'terima', 'bbm', 'subsidi', 'sobat', 'beli', 'bbm', 'subsidi', 'aplikasi', 'mypertamina', 'tunjuk', 'qr', 'code', 'cetak']"
2022-08-04 03:22:22+00:00,1555031363035615233,MyPertaminaID,2,0,0,hai sobat sutan mulai tanggal  juli  sobat dapat mendaftarkan kendaraan roda  atau lebih dan non kendaraan di website  pendaftaran ini bertujuan agar bbm bersubsidi dapat disalurkan sesuai dengan kuota yang telah ditetapkan,"['hai', 'sobat', 'sutan', 'tanggal', 'juli', 'sobat', 'daftar', 'kendara', 'roda', 'non', 'kendara', 'website', 'daftar', 'tuju', 'bbm', 'subsidi', 'salur', 'sesuai', 'kuota', 'tetap']"
2022-08-04 03:12:41+00:00,1555028926132416513,henagoesra,1,0,0,sy punya mobil truk  utk usaha tp yg bawa sopir ini mesti ngisi bbm jenis apa apa boleh yg bersubsidi bagaimana dgn aplikasi mypertamina mesti dipegang sopir juga atau hanya saya tks,"['sy', 'mobil', 'truk', 'utk', 'usaha', 'tp', 'yg', 'bawa', 'sopir', 'mesti', 'ngisi', 'bbm', 'jenis', 'yg', 'subsidi', 'dgn', 'aplikasi', 'mypertamina', 'mesti', 'pegang', 'sopir', 'tks']"
2022-08-04 03:07:45+00:00,1555027685520408576,jawapos,0,0,0,di wonosobo mypertamina hanya diunduh  orang,"['wonosobo', 'mypertamina', 'unduh', 'orang']"
2022-08-04 03:00:34+00:00,1555025875698999297,kompascom,0,0,1,pendaftaran kendaraan roda empat di mypertamina juga dilakukan untuk mendorong penyaluran solar dan pertalite tepat sasaran,"['daftar', 'kendara', 'roda', 'mypertamina', 'dorong', 'salur', 'solar', 'pertalite', 'sasar']"
2022-08-04 02:48:29+00:00,1555022833830567937,HeraldJateng,0,0,0,warga kudus yang mendaftar mypertamina sudah capai Â kendaraan,"['warga', 'kudus', 'daftar', 'mypertamina', 'capai', 'kendara']"
2022-08-04 02:40:02+00:00,1555020708756852737,KompasEkonomi,0,0,0,cara daftar mypertamina untuk beli pertalite dan solar,"['daftar', 'mypertamina', 'beli', 'pertalite', 'solar']"
2022-08-04 02:20:16+00:00,1555015736204328960,jpnncom,0,0,0,kendaran di kudus sudah mendaftar mypertamina,"['kendaran', 'kudus', 'daftar', 'mypertamina']"
2022-08-04 02:15:22+00:00,1555014499627069440,David_Tjahyadi,0,0,0,btp  siap terima kasih lho yah still advicenya much appreciated,"['btp', 'terima', 'kasih', 'lho', 'yah', 'still', 'advicenya', 'much', 'appreciated']"
2022-08-04 02:09:33+00:00,1555013037471387649,David_Wijaya03,1,0,0,driver ojek online patah tulang ditabrak truk tangki pertamina ya allah min  dan  sudah baca ini belum ğŸ˜­ğŸ˜­ğŸ˜­,"['driver', 'ojek', 'online', 'patah', 'tulang', 'tabrak', 'truk', 'tangki', 'pertamina', 'ya', 'allah', 'min', 'baca', '']"
2022-08-04 01:12:34+00:00,1554998697716772864,nah_ceah,0,0,0,bangunbangun kaget gue download aplikasi mypertamina aja engga kok dikasih otp aneh banget,"['bangunbangun', 'kaget', 'gue', 'download', 'aplikasi', 'mypertamina', 'aja', 'engga', 'kasih', 'otp', 'aneh', 'banget']"
2022-08-04 01:07:39+00:00,1554997459415285760,MyPertaminaID,0,0,0,perihal tersebut sudah kami bantu sampaikan via dm ya terima kasih raisa,"['perihal', 'bantu', 'via', 'dm', 'ya', 'terima', 'kasih', 'raisa']"
2022-08-04 01:02:26+00:00,1554996148452356096,FahdianAG,0,0,0,cbiru,['cbiru']
2022-08-04 00:45:59+00:00,1554992008925937664,mocotok,1,0,0,kak tolong ini gimana ya sejak kemarin setiap klik daftar selalu loading seperti ini lama sekali dan gak pernah berhasil padahal internet lancar sebelum klik daftar,"['kak', 'tolong', 'gimana', 'ya', 'kemarin', 'klik', 'daftar', 'loading', 'gak', 'hasil', 'internet', 'lancar', 'klik', 'daftar']"
2022-08-04 00:37:18+00:00,1554989822623617024,MyPertaminaID,1,0,0,hai sobat nana kami bantu pengecekan datanya mohon menunggu raisa,"['hai', 'sobat', 'nana', 'bantu', 'kece', 'data', 'mohon', 'tunggu', 'raisa']"
2022-08-04 00:34:45+00:00,1554989179737903104,mocotok,1,0,0,halo   saya ada kendala di pendaftaran bisa tolong open dm admin terima kasih,"['halo', 'kendala', 'daftar', 'tolong', 'open', 'dm', 'admin', 'terima', 'kasih']"
2022-08-04 00:23:59+00:00,1554986468543631360,zqhr,0,0,0,tapi bayarnya kudu pake mypertamina dulu riweuh,"['bayar', 'kudu', 'pake', 'mypertamina', 'riweuh']"
2022-08-03 18:57:22+00:00,1554904274831679488,selidddd,0,0,0,apalagi pake my pertamina,"['pake', 'my', 'pertamina']"
2022-08-03 17:16:38+00:00,1554878925095858176,bacalagersmedia,0,0,0,cara daftar di aplikasi mypertamina,"['daftar', 'aplikasi', 'mypertamina']"
2022-08-03 16:58:07+00:00,1554874262636593152,MyPertaminaID,0,0,0,hai sobat zain kami akan selalu berusaha untuk lebih meningkatkan mutu pelayanan pertamina terima kasih ziad,"['hai', 'sobat', 'zain', 'usaha', 'tingkat', 'mutu', 'layan', 'pertamina', 'terima', 'kasih', 'ziad']"
2022-08-03 16:44:33+00:00,1554870849035202560,ashandzain,1,0,0,seharusnya dari duluagar pernyaluran bbm yg berhak menerima subsidi diawasi lebih optimal,"['duluagar', 'pernyaluran', 'bbm', 'yg', 'hak', 'terima', 'subsidi', 'awas', 'optimal']"
2022-08-03 16:32:30+00:00,1554867816863522816,Zyanpatra,0,0,0,kendaran di kudus sudah mendaftarÂ mypertamina,"['kendaran', 'kudus', 'daftar', 'mypertamina']"
2022-08-03 16:30:03+00:00,1554867200565002241,jpnncom,0,0,0,sebanyak  kendaran di kabupaten kudus sudaj tercatat di website mypertamina,"['kendaran', 'kabupaten', 'kudus', 'sudaj', 'catat', 'website', 'mypertamina']"
2022-08-03 16:10:03+00:00,1554862166163222528,89O63,0,0,0,simak guys cara daftar dan transaksi bbm subsidi tepat mypertamina ğŸ‘ğŸ»,"['simak', 'guys', 'daftar', 'transaksi', 'bbm', 'subsidi', 'mypertamina', '']"
2022-08-03 16:09:18+00:00,1554861978153549824,astutzi,0,0,0,nah guys begini cara daftar dan transaksi bbm subsidi tepat mypertamina  buruan kuy daftar,"['guys', 'daftar', 'transaksi', 'bbm', 'subsidi', 'mypertamina', 'buru', 'kuy', 'daftar']"
2022-08-03 16:07:44+00:00,1554861586195836928,agaainst,0,0,0,inilah cara daftar dan transaksi bbm subsidi tepat mypertamina  kalian harus simak loh,"['daftar', 'transaksi', 'bbm', 'subsidi', 'mypertamina', 'simak', 'loh']"
2022-08-03 15:32:31+00:00,1554852724713594881,MyPertaminaID,0,0,0,hai sobat didiet sudah kami bantu melalui dm silakan cek dm ya sobat tks ziad,"['hai', 'sobat', 'diet', 'bantu', 'dm', 'sila', 'cek', 'dm', 'ya', 'sobat', 'tks', 'ziad']"
2022-08-03 15:28:43+00:00,1554851764503191552,MyPertaminaID,1,0,0,hai sobat sonni mohon maaf atas ketidaknyamanannya jika sudah dicoba namun masih berkendala mohon berkenan untuk menyampaikannya melalui dm  disertai nomor terdaftar mypertamina terima kasih ziad,"['hai', 'sobat', 'sonni', 'mohon', 'maaf', 'ketidaknyamanannya', 'coba', 'kendala', 'mohon', 'kenan', 'sampai', 'dm', 'serta', 'nomor', 'daftar', 'mypertamina', 'terima', 'kasih', 'ziad']"
2022-08-03 15:07:32+00:00,1554846434125840384,gumjuy,0,0,0,berikut guys cara daftar dan transaksi bbm subsidi tepat mypertamina  moga bermanfaat ya,"['guys', 'daftar', 'transaksi', 'bbm', 'subsidi', 'mypertamina', 'moga', 'manfaat', 'ya']"
2022-08-03 15:06:54+00:00,1554846277380149248,tribunpontianak,0,0,0,resmi beli bbm subsudi solar dan pertalte pakai mypertamina di spbu dimulai september     lewat,"['resmi', 'beli', 'bbm', 'subsudi', 'solar', 'pertalte', 'pakai', 'mypertamina', 'spbu', 'september']"
2022-08-03 14:57:41+00:00,1554843957363740672,zam_s82,0,0,2,perawiro tenang bumasih aman beruntung gak pake aplikasi my pertamina,"['perawiro', 'tenang', 'bumasih', 'aman', 'untung', 'gak', 'pake', 'aplikasi', 'my', 'pertamina']"
2022-08-03 14:52:33+00:00,1554842665027452928,tribunpontianak,0,0,0,cara cepat dan mudah dapat qr code mypertamina untuk beli bbm subsidi solar  pertalite di spbu    lewat,"['cepat', 'mudah', 'qr', 'code', 'mypertamina', 'beli', 'bbm', 'subsidi', 'solar', 'pertalite', 'spbu']"
2022-08-03 14:50:13+00:00,1554842077929754624,LissnerIbbetson,0,0,0,temanteman begini ya cara daftar dan transaksi bbm subsidi tepat mypertamina ğŸ‘ğŸ»,"['temanteman', 'ya', 'daftar', 'transaksi', 'bbm', 'subsidi', 'mypertamina', '']"
2022-08-03 14:40:07+00:00,1554839533900173312,MyPertaminaID,0,0,0,hai sobat arum mohon maaf atas ketidaknyamanannya kami sarankan sobat menggunakan bbm non subsidi mengenai hal tersebut silakan menyampaikan melalui dm  disertai nomor dan lokasi spbu yang mengalami kelangkaan tks ziad,"['hai', 'sobat', 'arum', 'mohon', 'maaf', 'ketidaknyamanannya', 'saran', 'sobat', 'bbm', 'non', 'subsidi', 'sila', 'dm', 'serta', 'nomor', 'lokasi', 'spbu', 'alami', 'langka', 'tks', 'ziad']"
2022-08-03 14:38:59+00:00,1554839251040096257,nugrahadi,1,0,0,habis claim qr ke mypertamina ada tulisan kuota  liter apakah ini berarti akan ada kuota pake pertalite untuk mobil,"['habis', 'claim', 'qr', 'mypertamina', 'tulis', 'kuota', 'liter', 'kuota', 'pake', 'pertalite', 'mobil']"
2022-08-03 14:22:03+00:00,1554834987257450497,liputan6dotcom,0,0,2,kemenko perekonomian program subsidi lewat mypertamina harus terus dikomunikasikan pertamina patra niaga terus melakukan sosialisasi program subsidi tepat sasaran kepada masyarakat langkah yang dijalankan oleh pertamina ini mendapat perhatian khususâ€¦,"['kemenko', 'ekonomi', 'program', 'subsidi', 'mypertamina', 'komunikasi', 'pertamina', 'patra', 'niaga', 'sosialisasi', 'program', 'subsidi', 'sasar', 'masyarakat', 'langkah', 'jalan', 'pertamina', 'perhati', 'khusus']"
2022-08-03 14:19:25+00:00,1554834328344883201,sumantr97736936,0,0,0,klo situs dan aplikasi mypertamina di blokir gak pake mikir saya baru setuju banget,"['klo', 'situs', 'aplikasi', 'mypertamina', 'blokir', 'gak', 'pake', 'mikir', 'tuju', 'banget']"
2022-08-03 13:45:06+00:00,1554825690167799808,ciamoz,1,0,0,halo setting dmnya diaktifkan dong mau saya dm sudah di follow tetap tidak bisa dm,"['halo', 'setting', 'dmnya', 'aktif', 'dm', 'follow', 'dm']"
2022-08-03 13:40:45+00:00,1554824594997268481,Nurulfa97046923,0,0,0,kamu yg merasa berhak mendapatkan subsidi segera daftarin kendaraannya  cara daftar dan transaksi bbm subsidi tepat mypertamina,"['yg', 'hak', 'subsidi', 'daftarin', 'kendara', 'daftar', 'transaksi', 'bbm', 'subsidi', 'mypertamina']"
2022-08-03 13:40:04+00:00,1554824425094389760,ELidiawaty,0,0,0,cara daftar dan transaksi bbm subsidi tepat mypertamina,"['daftar', 'transaksi', 'bbm', 'subsidi', 'mypertamina']"
2022-08-03 13:33:20+00:00,1554822730645524481,Trieslove,0,0,0,pasti boros bbm tu pemiliknya harus segera install mypertamina tuk dpt bbm yg murahğŸ˜ƒ,"['boros', 'bbm', 'tu', 'milik', 'install', 'mypertamina', 'tuk', 'dpt', 'bbm', 'yg', 'murah']"
2022-08-03 12:58:32+00:00,1554813972972314624,5a_4D,0,0,1,more horor bbm dari    apk  gak jalan harga now di acc  gak seh  ğŸ¤”ğŸ¤”ğŸ¤”ğŸ¤”  gua balik lagi ke nitro ğŸ¤£ğŸ¤£ğŸ¤£ğŸ¤£  cem mana energizing me  indonesia  ğŸ¤ªğŸ¤ªğŸ¤ªğŸ¤ª,"['more', 'horor', 'bbm', 'apk', 'gak', 'jalan', 'harga', 'now', 'acc', 'gak', 'seh', '', 'gua', 'nitro', '', 'cem', 'energizing', 'me', 'indonesia', '']"
2022-08-03 12:45:54+00:00,1554810790699380736,nuelsuhar,0,0,0,pemerintah harus bisa cepat melakukan kebijakan pembelian bbm bersubsidi dengan menggunakan aplikasi mypertamina untuk memastikan subsidi tersalurkan secara tepat,"['perintah', 'cepat', 'bijak', 'beli', 'bbm', 'subsidi', 'aplikasi', 'mypertamina', 'subsidi', 'salur']"
2022-08-03 12:45:43+00:00,1554810745975476224,Hendrisah1,0,0,0,nih guys cara daftar dan transaksi bbm subsidi tepat mypertamina,"['nih', 'guys', 'daftar', 'transaksi', 'bbm', 'subsidi', 'mypertamina']"
2022-08-03 12:45:02+00:00,1554810572730175488,Alonaa_tiara,0,0,0,paham kan ya cara daftar dan transaksi bbm subsidi tepat mypertamina itu gimana,"['paham', 'ya', 'daftar', 'transaksi', 'bbm', 'subsidi', 'mypertamina', 'gimana']"
2022-08-03 12:40:16+00:00,1554809374664949762,sonnirosyid,1,0,0,tentunya  solusi itu sudah saya coba semua tapi ya nggak bisa juga selalu keluar notif seperti ini,"['solusi', 'coba', 'ya', 'nggak', 'notif']"
2022-08-03 12:36:32+00:00,1554808435371155461,KepalaMiliter,0,0,0,uda sejauh ini pasti uda pada tau kan cara daftar dan transaksi bbm subsidi tepat mypertamina,"['uda', 'uda', 'tau', 'daftar', 'transaksi', 'bbm', 'subsidi', 'mypertamina']"
2022-08-03 12:36:03+00:00,1554808312746500096,Kotakarang4,0,0,0,simak dan pahami dulu cara daftar dan transaksi bbm subsidi tepat mypertamina  buruan daftar ya ğŸ‘ğŸ»,"['simak', 'paham', 'daftar', 'transaksi', 'bbm', 'subsidi', 'mypertamina', 'buru', 'daftar', 'ya', '']"
2022-08-03 12:35:36+00:00,1554808200460767234,Beniprabowo12,0,0,0,begini guys cara daftar dan transaksi bbm subsidi tepat mypertamina  simak kuyy ğŸ‘ğŸ»ğŸ‘ğŸ»,"['guys', 'daftar', 'transaksi', 'bbm', 'subsidi', 'mypertamina', 'simak', 'kuyy', '']"
2022-08-03 12:31:31+00:00,1554807174227890176,mawnager,0,0,0,buat kamu yg merasa berhak mendapatkan subsidi segera daftarin kendaraannya  cara daftar dan transaksi bbm subsidi tepat mypertamina,"['yg', 'hak', 'subsidi', 'daftarin', 'kendara', 'daftar', 'transaksi', 'bbm', 'subsidi', 'mypertamina']"
2022-08-03 12:19:11+00:00,1554804070065610752,kompascom,0,0,1,hingga  juli  tercatat  kendaraan di sumatera bagian selatan sumbagsel yang sudah mendaftar ke mypertamina,"['juli', 'catat', 'kendara', 'sumatera', 'selatan', 'sumbagsel', 'daftar', 'mypertamina']"
2022-08-03 12:16:05+00:00,1554803287425429504,awercioAzizi,0,0,0,info penting begini cara daftar dan transaksi bbm subsidi tepat mypertamina  pahami dulu yukss ğŸ‘ğŸ»,"['info', 'daftar', 'transaksi', 'bbm', 'subsidi', 'mypertamina', 'paham', 'yukss', '']"
2022-08-03 12:15:40+00:00,1554803185671438338,AninditoArgio,0,0,0,so guys begini ternyata cara daftar dan transaksi bbm subsidi tepat mypertamina  mudah dan gampang kok ğŸ‘ğŸ»,"['so', 'guys', 'daftar', 'transaksi', 'bbm', 'subsidi', 'mypertamina', 'mudah', 'gampang', '']"
2022-08-03 12:15:34+00:00,1554803156466683904,MyPertaminaID,0,0,0,hai sobat ulki aplikasi mypertamina akan logout sendiri apabila tidak digunakan dalam masa waktu tertentu terima kasih adi,"['hai', 'sobat', 'ulki', 'aplikasi', 'mypertamina', 'logout', 'terima', 'kasih', 'adi']"
2022-08-03 12:15:18+00:00,1554803092931366912,BagaskaJul,0,0,0,ini guys cara daftar dan transaksi bbm subsidi tepat mypertamina  yuk segera daftar,"['guys', 'daftar', 'transaksi', 'bbm', 'subsidi', 'mypertamina', 'yuk', 'daftar']"
2022-08-03 12:14:43+00:00,1554802945270874112,AmriGeta,0,0,0,simak ya guys cara daftar dan transaksi bbm subsidi tepat mypertamina ğŸ‘,"['simak', 'ya', 'guys', 'daftar', 'transaksi', 'bbm', 'subsidi', 'mypertamina', '']"
2022-08-03 12:14:16+00:00,1554802829348732929,Adiican08,0,0,0,ni guys ada cara daftar dan transaksi bbm subsidi tepat mypertamina loh,"['ni', 'guys', 'daftar', 'transaksi', 'bbm', 'subsidi', 'mypertamina', 'loh']"
2022-08-03 12:12:55+00:00,1554802490574798849,arumsukapto,2,0,0,pertalite abis dmn udh  pom kudatengi,"['pertalite', 'abis', 'dmn', 'udh', 'pom', 'kudatengi']"
2022-08-03 12:05:08+00:00,1554800531666636802,kompascom,0,0,0,untuk wilayah ntt telah dilakukan perluasan pendaftaran mypertamina yang meliputi  booth offline dengan jumlah kurang lebih  pendaftar,"['wilayah', 'ntt', 'luas', 'daftar', 'mypertamina', 'liput', 'booth', 'offline', 'daftar']"
2022-08-03 12:04:02+00:00,1554800256063156226,KompasEkonomi,0,0,0,di ntt pertamina buka  booth offline pendaftaran mypertamina,"['ntt', 'pertamina', 'buka', 'booth', 'offline', 'daftar', 'mypertamina']"
2022-08-03 12:02:01+00:00,1554799750573985792,ulkichandra,1,0,0,memang selalu logout sendiri ya gak dibikin ttp login aja kaya aplikasi kebanyakan,"['logout', 'ya', 'gak', 'bikin', 'ttp', 'login', 'aja', 'kaya', 'aplikasi', 'banyak']"
2022-08-03 11:38:52+00:00,1554793923239116800,Serendipityflt_,1,0,0,soon gamau klo pake my pertamina maunya pake mypertama,"['soon', 'gamau', 'klo', 'pake', 'my', 'pertamina', 'mau', 'pake', 'mypertama']"
2022-08-03 11:37:17+00:00,1554793526315356160,tkusumaw81,1,0,0,joko daftar dulu di website dok nanti kn di email dapat qr code nah itu diprint lalu di simpan pas beli tunjukkan qr codenya nanti baru dilayani via aplikasi mypertamina juga bisa tp lebih simpel pke qr code itu dok kayaknya di pom tlogomas bisa pendaftaran offline dok,"['joko', 'daftar', 'website', 'dok', 'kn', 'email', 'qr', 'code', 'diprint', 'simpan', 'pas', 'beli', 'tunjuk', 'qr', 'codenya', 'layan', 'via', 'aplikasi', 'mypertamina', 'tp', 'simpel', 'pke', 'qr', 'code', 'dok', 'kayak', 'pom', 'tlogomas', 'daftar', 'offline', 'dok']"
2022-08-03 11:36:50+00:00,1554793409214566400,ofSehunc,0,0,0,beli pertalite tapi harus pake mypertamina,"['beli', 'pertalite', 'pake', 'mypertamina']"
2022-08-03 11:35:15+00:00,1554793013531926528,expired_soon,1,0,0,pake mypertamina saja,"['pake', 'mypertamina']"
2022-08-03 11:24:37+00:00,1554790335020429312,paneskywalker,0,0,0,jgn lupa pk my pertaminağŸ™ğŸ™,"['jgn', 'lupa', 'pk', 'my', 'pertamina']"
2022-08-03 11:09:34+00:00,1554786549958529024,NaoviraF,0,0,2,bersyukur di indonesia harga bbm subsidi gak naik emang bener banget harus ada pengendalian distribusi bbm subsidi pakai mypertamina biar gak bebani anggaran tapi masyarakat tetap senang,"['syukur', 'indonesia', 'harga', 'bbm', 'subsidi', 'gak', 'emang', 'bener', 'banget', 'kendali', 'distribusi', 'bbm', 'subsidi', 'pakai', 'mypertamina', 'biar', 'gak', 'beban', 'anggar', 'masyarakat', 'senang']"
2022-08-03 11:01:05+00:00,1554784415179350017,pertamaxseries,4,0,0,wahai jiwajiwa yang sedang terbantai akibat ngerjain deadline kerjaan yang berantai ayo refreshing sebentar bareng mimin dengan jawab kuis ini yang  buat bikin suasana lebih santai ğŸ˜,"['jiwajiwa', 'bantai', 'akibat', 'ngerjain', 'deadline', 'kerja', 'beranta', 'ayo', 'refreshing', 'sebentar', 'bareng', 'mimin', 'kuis', 'bikin', 'suasana', 'santai', '']"
2022-08-03 10:57:53+00:00,1554783607029243904,MutiaDevita9,0,0,2,cuma indonesia yang bisa beri subsidi bbm rp  t di tengah lonjakan harga minyak dunia makanya digitalisasi spbu dan pembatasan bbm bersubsidi diperlukan supaya tersalurkan tepat pada yang membutuhkan contohnya pakai mypertamina,"['indonesia', 'subsidi', 'bbm', 'rp', 't', 'lonjak', 'harga', 'minyak', 'dunia', 'digitalisasi', 'spbu', 'batas', 'bbm', 'subsidi', 'salur', 'butuh', 'contoh', 'pakai', 'mypertamina']"
2022-08-03 10:53:50+00:00,1554782588715540480,Micingurih2,0,0,0,kalian tau gak guys uji coba pembelian pertalite dan solar dengan pendaftaran di subsidi tepat mypertamina kini berlaku di  kota loh,"['tau', 'gak', 'guys', 'uji', 'coba', 'beli', 'pertalite', 'solar', 'daftar', 'subsidi', 'mypertamina', 'laku', 'kota', 'loh']"
2022-08-03 10:50:15+00:00,1554781686142885890,loopythereal,1,0,0,iphone jg bisa resize foto tinggal edit doang,"['iphone', 'jg', 'resize', 'foto', 'tinggal', 'edit', 'doang']"
2022-08-03 10:49:48+00:00,1554781572825763841,bicaranetwork,0,0,0,warga kudus pendaftar mypertamina tembus  kendaraan,"['warga', 'kudus', 'daftar', 'mypertamina', 'tembus', 'kendara']"
2022-08-03 10:49:35+00:00,1554781518618574848,loopythereal,2,0,0,di kecilin lah size nya di hp kan byk aplikasi buat resize foto kadang hp tertentu spt androidsamsung bisa lgsung resize foto kok daftar lewat website jgn aplikasi,"['kecilin', 'size', 'nya', 'hp', 'byk', 'aplikasi', 'resize', 'foto', 'kadang', 'hp', 'spt', 'androidsamsung', 'lgsung', 'resize', 'foto', 'daftar', 'website', 'jgn', 'aplikasi']"
2022-08-03 10:34:07+00:00,1554777629483741184,tribunpontianak,0,0,0,beli pertalite dan solar kini harus gunakan scan barcode yang terdaftar di mypertamina  lewat,"['beli', 'pertalite', 'solar', 'scan', 'barcode', 'daftar', 'mypertamina']"
2022-08-03 10:06:49+00:00,1554770759511224320,MyPertaminaID,0,0,0,hai sobat ivan apabila sobat sudah berhasil melakukan pendaftaran tunggu proses pencocokan data maksimal  hari kerja hasil pencocokan data akan dikonfirmasi via email yang didaftarkan atau sobat dapat mengecek berkala di website  terima kasih adi,"['hai', 'sobat', 'ivan', 'sobat', 'hasil', 'daftar', 'tunggu', 'proses', 'cocok', 'data', 'maksimal', 'kerja', 'hasil', 'cocok', 'data', 'konfirmasi', 'via', 'email', 'daftar', 'sobat', 'ecek', 'kala', 'website', 'terima', 'kasih', 'adi']"
2022-08-03 10:02:30+00:00,1554769671978897408,MyPertaminaID,0,0,0,hai sobat balagadona seperti yang sudah disampaikan sebelumnya untuk saat ini wilayah sobat belum termasuk kedalam wilayah prioritas pendaftaran sobat dapat melakukan pengisian dan penyimpanan data terlebih dahulu dengan melakukan klik pada tombol simpan tks emil,"['hai', 'sobat', 'balagadona', 'wilayah', 'sobat', 'dalam', 'wilayah', 'prioritas', 'daftar', 'sobat', 'isi', 'simpan', 'data', 'klik', 'tombol', 'simpan', 'tks', 'emil']"
2022-08-03 09:58:02+00:00,1554768546512932864,vandick2000,1,0,0,min nunggu di approval nya brp lama sy blm dpt kode qr,"['min', 'nunggu', 'approval', 'nya', 'brp', 'sy', 'blm', 'dpt', 'kode', 'qr']"
2022-08-03 09:48:07+00:00,1554766050067386369,MyPertaminaID,1,0,0,hai sobat ulun mohon maaf atas ketidaknyamanan yang dialami mengenai kendala yang dialami sudah kami bantu sampaikan melalui dm ya tksemil,"['hai', 'sobat', 'ulun', 'mohon', 'maaf', 'ketidaknyamanan', 'alami', 'kendala', 'alami', 'bantu', 'dm', 'ya', 'tksemil']"
2022-08-03 09:41:43+00:00,1554764442692243456,yola_910,2,0,0,hallo pertamina saya mau bertanya perihal qr code pada aplikasi my pertamina saya sudah lakukan sesuai intruksi dan waktu memasukkan password claim selalu terjadi kesalah yang saya tanyakan apakah password claim itu sama dengan password saat masuk akun di web,"['hallo', 'pertamina', 'perihal', 'qr', 'code', 'aplikasi', 'my', 'pertamina', 'laku', 'sesuai', 'intruksi', 'masuk', 'password', 'claim', 'salah', 'password', 'claim', 'password', 'masuk', 'akun', 'web']"
2022-08-03 09:41:31+00:00,1554764390477377537,izhaq16,1,0,0,iyaa tp yg jadi masalah kenapa desa buntu kec ligung tidak ada di options nyaa,"['iyaa', 'tp', 'yg', 'desa', 'buntu', 'kec', 'ligung', 'options', 'nyaa']"
2022-08-03 09:35:38+00:00,1554762908973686784,mediaindonesia,0,0,0,per  agustus  sebanyak  kendaraan roda empat telah terdaftar melalui  website mypertamina di ntt,"['agustus', 'kendara', 'roda', 'daftar', 'website', 'mypertamina', 'ntt']"
2022-08-03 09:25:51+00:00,1554760449316401152,murianewscom,0,0,0,tiga hari dua ribuan warga kudus daftar bbm subsidi di mypertamina  selengkapnya klik tautan berikut ini,"['ribu', 'warga', 'kudus', 'daftar', 'bbm', 'subsidi', 'mypertamina', 'lengkap', 'klik', 'taut']"
2022-08-03 09:22:30+00:00,1554759603208204288,MyPertaminaID,0,0,0,pastikan sobat  telah follow akun kami dan akun tidak diprivate ya mohon maaf atas ketidaknyamanannya terima kasih adi,"['pasti', 'sobat', 'follow', 'akun', 'akun', 'diprivate', 'ya', 'mohon', 'maaf', 'ketidaknyamanannya', 'terima', 'kasih', 'adi']"
2022-08-03 09:16:48+00:00,1554758170735775744,Koramil_11Pdr,0,0,0,babinsa koramil pedurungan bersama bhabinkamtibmas melaksanakan pengamanan pertandingan bola basket mypertamina cup  tingkat sma yang berlangsung dari tanggal  sd  agustus  bertempat di gor sahabat,"['babinsa', 'koramil', 'pedurungan', 'bhabinkamtibmas', 'laksana', 'aman', 'tanding', 'bola', 'basket', 'mypertamina', 'cup', 'tingkat', 'sma', 'tanggal', 'sd', 'agustus', 'tempat', 'gor', 'sahabat']"
2022-08-03 09:15:50+00:00,1554757928703635456,mpujayaprema,2,0,1,mobil lama sudah  tahun cicil begitu pensiun ccnya  tapi kok sulit daftar untungnya mypertamina gagal berlaku  agust di bali,"['mobil', 'cicil', 'pensiun', 'ccnya', 'sulit', 'daftar', 'untung', 'mypertamina', 'gagal', 'laku', 'agust', 'bal']"
2022-08-03 09:07:23+00:00,1554755800392155138,Crocodileboy7_,1,0,0,tidak bisa di dm,['dm']
2022-08-03 08:56:40+00:00,1554753105744764928,yordanagil_me,0,0,0,halah mypertamina tuh benerin dulu,"['halah', 'mypertamina', 'tuh', 'benerin']"
2022-08-03 08:46:44+00:00,1554750602806460416,Masdul95426197,1,0,0,baik akan kami coba thanks atas infonya,"['coba', 'thanks', 'info']"
2022-08-03 08:45:54+00:00,1554750393393246209,mpujayaprema,6,4,20,sampai detik ini sudah  kali gagal mendaftar pertalite lewat mypertamina macam ditanya tetap gagal mau minta bantuan ke spbu dilarang istri paling batal pakai gituan kayaknya harganya yg dinaikin coba aja tunggu katanya,"['detik', 'kali', 'gagal', 'daftar', 'pertalite', 'mypertamina', 'gagal', 'bantu', 'spbu', 'larang', 'istri', 'batal', 'pakai', 'gituan', 'kayak', 'harga', 'yg', 'dinaikin', 'coba', 'aja', 'tunggu']"
2022-08-03 08:44:33+00:00,1554750055131017216,Dinnaisme,0,0,0,mau pake mypertamina buat isi bensin ga bisa scan kode qr pemerintah gimane sih bikin aturan bikin kebijakan tapi pemerintah sendiri yang ga siap   menyedihkan ya,"['pake', 'mypertamina', 'isi', 'bensin', 'ga', 'scan', 'kode', 'qr', 'perintah', 'gimane', 'sih', 'bikin', 'atur', 'bikin', 'bijak', 'perintah', 'ga', 'sedih', 'ya']"
2022-08-03 08:36:30+00:00,1554748029235712001,MyPertaminaID,1,0,0,bagi segmen perusahaan kami informasikan pendaftaran menggunakan niknamun akan diminta input npwp perusahaan juga silakan sobat melakukan pendaftaran dan pengisian data melalui website  ya silakan cek  untuk informasinyatks adi,"['segmen', 'usaha', 'informasi', 'daftar', 'niknamun', 'input', 'npwp', 'usaha', 'sila', 'sobat', 'daftar', 'isi', 'data', 'website', 'ya', 'sila', 'cek', 'informasinyatks', 'adi']"
2022-08-03 08:34:32+00:00,1554747533582569473,AFilzy,0,0,0,yuk simak cara daftar dan transaksi bbm subsidi tepat mypertamina disni ya ğŸ‘‡,"['yuk', 'simak', 'daftar', 'transaksi', 'bbm', 'subsidi', 'mypertamina', 'disni', 'ya', '']"
2022-08-03 08:34:07+00:00,1554747427466678274,KakUlick,0,0,0,info penting ini dia cara daftar dan transaksi bbm subsidi tepat mypertamina,"['info', 'daftar', 'transaksi', 'bbm', 'subsidi', 'mypertamina']"
2022-08-03 08:33:18+00:00,1554747223141154816,GZahlea,0,0,0,begini loh guys cara daftar dan transaksi bbm subsidi tepat mypertamina  mudah kan gak ribet ğŸ‘ŒğŸ»,"['loh', 'guys', 'daftar', 'transaksi', 'bbm', 'subsidi', 'mypertamina', 'mudah', 'gak', 'ribet', '']"
2022-08-03 08:27:25+00:00,1554745742761533440,Masdul95426197,1,0,0,my pertamina kalau mobil perusahaan bagaimana cara daftarnya,"['my', 'pertamina', 'mobil', 'usaha', 'daftar']"
2022-08-03 08:25:13+00:00,1554745189113073665,bgsajj,0,0,0,pertamina ayo download my pertamina di pom maaf mas lg trouble,"['pertamina', 'ayo', 'download', 'my', 'pertamina', 'pom', 'maaf', 'mas', 'lg', 'trouble']"
2022-08-03 08:20:55+00:00,1554744108995883008,cinnamorollljn,1,0,0,mypertamina udah sampe semarang belum sih soalnya kalo beli bensin jarang bawa hp,"['mypertamina', 'udah', 'sampe', 'semarang', 'sih', 'kalo', 'beli', 'bensin', 'jarang', 'bawa', 'hp']"
2022-08-03 08:05:12+00:00,1554740151703998465,saye_upin,0,0,0,cara daftar dan transaksi bbm subsidi tepat mypertaminağŸ‘ğŸ‘,"['daftar', 'transaksi', 'bbm', 'subsidi', 'mypertamina']"
2022-08-03 07:54:59+00:00,1554737579185958912,MyPertaminaID,0,0,0,hai sobat ernur qr code tersebut mendapatkan kuota pembelian bbm subsidi perhari perkendaraan sebagai informasi saat ini masih dalam tahap pendaftaran dan pencocokan data ya tks emil,"['hai', 'sobat', 'ernur', 'qr', 'code', 'kuota', 'beli', 'bbm', 'subsidi', 'hari', 'kendara', 'informasi', 'tahap', 'daftar', 'cocok', 'data', 'ya', 'tks', 'emil']"
2022-08-03 07:43:31+00:00,1554734695815925760,RaniSudibyo,1,6,18,meski membengkak hingga  t presiden jokowi masih bisa mengatakan bahwa negara kita masih kuat menanggung subsidi bbm   dukung penggunaan my pertamina untuk perbaiki distribusi bbm sehingga bs menekan biaya subsidi,"['bengkak', 't', 'presiden', 'jokowi', 'negara', 'kuat', 'tanggung', 'subsidi', 'bbm', 'dukung', 'guna', 'my', 'pertamina', 'baik', 'distribusi', 'bbm', 'bs', 'tekan', 'biaya', 'subsidi']"
2022-08-03 07:29:17+00:00,1554731113423474688,MyPertaminaID,1,0,0,hai sobat ulun mohon maaf atas ketidaknyamanan yang dialami kami akan membantu permasalahan sobat mohon berkenan diinformasikan dengan lebih detail kendala yang dialami melalui dm ya terima kasih emil,"['hai', 'sobat', 'ulun', 'mohon', 'maaf', 'ketidaknyamanan', 'alami', 'bantu', 'masalah', 'sobat', 'mohon', 'kenan', 'informasi', 'detail', 'kendala', 'alami', 'dm', 'ya', 'terima', 'kasih', 'emil']"
2022-08-03 07:27:12+00:00,1554730587797463040,kaukutangkap_,3,11,40,walaupun berat tp pemerintah tetap mempertahankan subsidi bbm dengan memperbaiki jalur distribusi lewat penggunaan aplikasi my pertamina ğŸ‘,"['berat', 'tp', 'perintah', 'tahan', 'subsidi', 'bbm', 'baik', 'jalur', 'distribusi', 'guna', 'aplikasi', 'my', 'pertamina', '']"
2022-08-03 07:24:21+00:00,1554729873414844416,MyPertaminaID,0,0,0,sebagai informasi saat ini masih dalam tahap pendaftaran dan pencocokan data terima kasih emil,"['informasi', 'tahap', 'daftar', 'cocok', 'data', 'terima', 'kasih', 'emil']"
2022-08-03 07:24:08+00:00,1554729815114072064,MyPertaminaID,1,0,0,hai sobat kami informasikan satu  akun dapat digunakan untuk mendaftarkan beberapa kendaraan   satu kendaraan akan diberikan  satu kode qr qr code tersebut mendapatkan kuota pembelian bbm subsidi perhari perkendaraan,"['hai', 'sobat', 'informasi', 'akun', 'daftar', 'kendara', 'kendara', 'kode', 'qr', 'qr', 'code', 'kuota', 'beli', 'bbm', 'subsidi', 'hari', 'kendara']"
2022-08-03 07:18:50+00:00,1554728484693364736,ernurcahya,1,0,0,o iya kalo sehari habisnya hanya  liter apakah sisa kuotanya akan ditambahkan untuk keesokan harinya sehingga jadi  liter atau tetap saja  liter,"['o', 'iya', 'kalo', 'hari', 'habis', 'liter', 'sisa', 'kuota', 'esok', 'hari', 'liter', 'liter']"
2022-08-03 07:09:15+00:00,1554726070586605568,MyPertaminaID,0,0,0,bts hai sobat senang hati bisa membantu mengenai hal tersebut sobat dapat menghubungi  kami di akun sosial media kami atau melalui video call di aplikasi mypertamina atau melalui linkÂ  terima kasihterima kasih salsa,"['bts', 'hai', 'sobat', 'senang', 'hati', 'bantu', 'sobat', 'hubung', 'akun', 'sosial', 'media', 'video', 'call', 'aplikasi', 'mypertamina', 'link', 'terima', 'kasihterima', 'kasih', 'salsa']"
2022-08-03 06:35:01+00:00,1554717456505409536,animation_bts,1,0,0,baik kak thanks infonya  btw pengen tanya lebih lanjut di  sibuk mulu jd kesel hehe,"['kak', 'thanks', 'info', 'btw', 'ken', 'sibuk', 'mulu', 'jd', 'kesel', 'hehe']"
2022-08-03 06:32:03+00:00,1554716711521177600,MyPertaminaID,0,0,0,bts foto ktp pemilikoperatorpengemudi foto stnk kendaraan foto bagian depan yang memperlihatkan nomor polisi kendaraan foto kendaraan bagian samping yang memperlihatkan jumlah roda terima kasih emil,"['bts', 'foto', 'ktp', 'pemilikoperatorpengemudi', 'foto', 'stnk', 'kendara', 'foto', 'nomor', 'polisi', 'kendara', 'foto', 'kendara', 'samping', 'roda', 'terima', 'kasih', 'emil']"
2022-08-03 06:31:54+00:00,1554716672417603589,MyPertaminaID,1,0,0,bts pendaftaran bisa dilakukan oleh pic perusahaan melalui website  ya demi kelancaran pendaftaran data yang perlu disiapkan untuk input data konsumen pada website yaitu,"['bts', 'daftar', 'pic', 'usaha', 'website', 'ya', 'lancar', 'daftar', 'data', 'siap', 'input', 'data', 'konsumen', 'website']"
2022-08-03 06:31:32+00:00,1554716578028982272,MyPertaminaID,2,0,0,bts hai sobat kami informasikan  satu akun dapat digunakan untuk mendaftarkan beberapa kendaraan atau kendaraan dalam jumlah banyak satu kendaraan akan di berikan satu qr code untuk kendaraan perusahaan,"['bts', 'hai', 'sobat', 'informasi', 'akun', 'daftar', 'kendara', 'kendara', 'kendara', 'qr', 'code', 'kendara', 'usaha']"
2022-08-03 06:24:40+00:00,1554714853079928833,nusabalicom,0,0,0,mypertamina seleksi yang berhak disubsidi,"['mypertamina', 'seleksi', 'hak', 'subsidi']"
2022-08-03 06:21:41+00:00,1554714100000731136,moch_firman_,0,0,0,pertamax turbo rp  pertalite rp   subsidi   rb an mnurut struk bbm  ron  lebih murah dari ron,"['pertamax', 'turbo', 'rp', 'pertalite', 'rp', 'subsidi', 'rb', 'an', 'mnurut', 'struk', 'bbm', 'ron', 'murah', 'ron']"
2022-08-03 06:17:26+00:00,1554713030570934273,animation_bts,1,0,0,kalo untuk kendaraan yg atas nama pt gimana daftarnya kak,"['kalo', 'kendara', 'yg', 'nama', 'pt', 'gimana', 'daftar', 'kak']"
2022-08-03 06:16:51+00:00,1554712884843687938,Azis14778689,0,0,0,download mypertamina dulu biar ga kehabisan bbm ditenga jalan,"['download', 'mypertamina', 'biar', 'ga', 'habis', 'bbm', 'ditenga', 'jalan']"
2022-08-03 06:16:43+00:00,1554712852745048065,MyPertaminaID,0,0,0,senang hati bisa membantu selamat beraktivitas kembali sobat raisa,"['senang', 'hati', 'bantu', 'selamat', 'aktivitas', 'sobat', 'raisa']"
2022-08-03 06:10:31+00:00,1554711289208791043,ernurcahya,1,0,0,terima kasih infonya,"['terima', 'kasih', 'info']"
2022-08-03 06:10:24+00:00,1554711260260081665,MyPertaminaID,0,0,0,kami sarankan sobat login ke website   mengguankan nik dan password yang sudah didaftarkan lalu lakukan perubahan nomor telepon apabila sudah tunggu prosesnya  hari kerja terima kasih raisa,"['saran', 'sobat', 'login', 'website', 'mengguankan', 'nik', 'password', 'daftar', 'laku', 'ubah', 'nomor', 'telepon', 'tunggu', 'proses', 'kerja', 'terima', 'kasih', 'raisa']"
2022-08-03 06:07:35+00:00,1554710550931976193,MyPertaminaID,0,0,0,hai sobat ulun apakah yang sobat maksud adalah mencoba melakukan perubahan data di akun yang sebelumnya pendaftaran ulang tidak bisa dilakukan karena  nik ktp berlaku untuk  akun terima kasih raisa,"['hai', 'sobat', 'ulun', 'sobat', 'maksud', 'coba', 'ubah', 'data', 'akun', 'daftar', 'ulang', 'nik', 'ktp', 'laku', 'akun', 'terima', 'kasih', 'raisa']"
2022-08-03 06:01:18+00:00,1554708972795740160,MyPertaminaID,0,0,0,hai sobat mypertamina mohon maaf atas ketidaknyamanan yang dialami mohon diinformasikan secara detail terkair kendala yang dialami agar kami bantu proses pengecekan terlebih dahulu terima kasih salsa,"['hai', 'sobat', 'mypertamina', 'mohon', 'maaf', 'ketidaknyamanan', 'alami', 'mohon', 'informasi', 'detail', 'terkair', 'kendala', 'alami', 'bantu', 'proses', 'kece', 'terima', 'kasih', 'salsa']"
2022-08-03 06:00:24+00:00,1554708746366255104,MyPertaminaID,2,0,0,hai sobat saat ini pertamina masih fokus pada tahap pendaftaran sehingga pembelian masih dilayani seperti biasanya apabila sudah terdaftar sebagai yang berhak membeli pertalite maka sobat diberikan kuota harian maksimal  liter terima kasih raisa,"['hai', 'sobat', 'pertamina', 'fokus', 'tahap', 'daftar', 'beli', 'layan', 'daftar', 'hak', 'beli', 'pertalite', 'sobat', 'kuota', 'hari', 'maksimal', 'liter', 'terima', 'kasih', 'raisa']"
2022-08-03 05:51:42+00:00,1554706556783955968,AdnifAhbaf,1,0,0,mypertamina pse tiket pulau komodo  haduuu,"['mypertamina', 'pse', 'tiket', 'pulau', 'komodo', 'haduuu']"
2022-08-03 05:40:48+00:00,1554703811880652800,YoungsterID_,0,0,0,linkaja jadi salah satu metode pembayaran di aplikasiÂ mypertamina,"['linkaja', 'salah', 'metode', 'bayar', 'aplikasi', 'mypertamina']"
2022-08-03 05:13:10+00:00,1554696858923966464,5a_4D,0,0,0,ekokuntadhi thank  dibwh  di arsiteki bro   bro  sbg pr  baru x ni berpikir tuk memakai ron  berhub dgn msh abuÂ²nya apk amp msh byknya r yg tdk layak dpt ron   cc   nb  cctv byk terpasang di spbu  ğŸ™ğŸ™ğŸ¤¦ğŸ¿â€â™‚ï¸ğŸ¤¦ğŸ¿â€â™‚ï¸ğŸ¤·ğŸ¤ª,"['ekokuntadhi', 'thank', 'dibwh', 'arsitek', 'bro', 'bro', 'sbg', 'pr', 'x', 'ni', 'pikir', 'tuk', 'pakai', 'ron', 'berhub', 'dgn', 'msh', 'abu nya', 'apk', 'amp', 'msh', 'byknya', 'r', 'yg', 'tdk', 'layak', 'dpt', 'ron', 'cc', 'nb', 'cctv', 'byk', 'pasang', 'spbu', '']"
2022-08-03 05:06:03+00:00,1554695067452854272,ernurcahya,1,0,0,mau tanya nih klo pembelian pertalite menggunakan qr code mulai kapan diberlakukan untuk wilayah tasikmalaya dan daerah uji coba tahap satu lainnya sama apakah  liter itu jatah sebulan ataukah jatah maksimal pembelian sehari makasih,"['nih', 'klo', 'beli', 'pertalite', 'qr', 'code', 'laku', 'wilayah', 'tasikmalaya', 'daerah', 'uji', 'coba', 'tahap', 'liter', 'jatah', 'bulan', 'jatah', 'maksimal', 'beli', 'hari', 'makasih']"
2022-08-03 05:00:16+00:00,1554693611756761088,MyPertaminaID,0,4,4,hari ini mau kemana jangan lupa isi pertamax turbo ya,"['mana', 'lupa', 'isi', 'pertamax', 'turbo', 'ya']"
2022-08-03 05:00:15+00:00,1554693607667339264,MyPertaminaID,5,5,6,setuju nggak sih penampilan jadi hal yang paling harus diperhatiin  kendaraan juga harus tampil maksimal apalagi kalo diisi pertamax turbo yang bikin mesin semakin lincah dan lebih bertenaga dengan pembakaran sempurna ron  pokoknya sempurna,"['tuju', 'nggak', 'sih', 'tampil', 'diperhatiin', 'kendara', 'tampil', 'maksimal', 'kalo', 'isi', 'pertamax', 'turbo', 'bikin', 'mesin', 'lincah', 'tenaga', 'bakar', 'sempurna', 'ron', 'pokok', 'sempurna']"
2022-08-03 04:58:52+00:00,1554693257959194625,officialntv_,0,0,1,harga pertamax turbo naik jadi rp per liter mulai hari ini rabu,"['harga', 'pertamax', 'turbo', 'rp', 'liter', 'rabu']"
2022-08-03 04:52:11+00:00,1554691578706669568,tirexxxxxxxxxx,0,0,0,ama download my pertamina,"['ama', 'download', 'my', 'pertamina']"
2022-08-03 04:21:28+00:00,1554683848566263809,Geyelicius,0,0,0,mungkin verifikasinya manual yah jadi lama,"['verifikasi', 'manual', 'yah']"
2022-08-03 04:20:05+00:00,1554683498904305665,OnMoriss,1,0,0,saya daftar bulan lalu seminggu baru jadi bulan ini kyknya yg daftar makin banyak jd makin lama,"['daftar', 'minggu', 'kyknya', 'yg', 'daftar', 'jd']"
2022-08-03 04:17:53+00:00,1554682946912563205,iprikitir,0,0,0,jaringan sudah g dan cuma pakai goggle crhome pakai hp android tidak punya pc atau laptop,"['jaring', 'g', 'pakai', 'goggle', 'crhome', 'pakai', 'hp', 'android', 'pc', 'laptop']"
2022-08-03 04:11:16+00:00,1554681278657548289,Geyelicius,1,0,0,poppy  muda mudahan,"['poppy', 'muda', 'mudah']"
2022-08-03 04:07:25+00:00,1554680309550968834,Geyelicius,0,0,0,btw ini kak raisa yang penyanyi apa bukan yah thanks,"['btw', 'kak', 'raisa', 'nyanyi', 'yah', 'thanks']"
2022-08-03 04:04:13+00:00,1554679507088420864,Geyelicius,2,0,0,waow cukup lama juga kirain sehari dua hari okela kak raisa makasi,"['waow', 'kirain', 'hari', 'okela', 'kak', 'raisa', 'makas']"
2022-08-03 04:03:17+00:00,1554679271733374976,MyPertaminaID,2,1,0,hai sobat geyelicius sebagai informasi proses pencocokan data ini membutuhkan waktu maksimal  hari kerja sobat tidak termasuk sabtu  minggu dan hari libur nasional terima kasih raisa,"['hai', 'sobat', 'geyelicius', 'informasi', 'proses', 'cocok', 'data', 'butuh', 'maksimal', 'kerja', 'sobat', 'sabtu', 'minggu', 'libur', 'nasional', 'terima', 'kasih', 'raisa']"
2022-08-03 03:54:12+00:00,1554676983422124032,MyPertaminaID,0,0,0,pastikan menggunakan browser mozila firefoxgoogle chromemicrosoft edge versi terbaru  jika masih berkendala silakan melakukan clear cache browser  silakan coba secara berkala pada jam tidak sibuk terima kasih raisa,"['pasti', 'browser', 'mozila', 'firefoxgoogle', 'chromemicrosoft', 'edge', 'versi', 'baru', 'kendala', 'sila', 'clear', 'cache', 'browser', 'sila', 'coba', 'kala', 'jam', 'sibuk', 'terima', 'kasih', 'raisa']"
2022-08-03 03:54:07+00:00,1554676963784429568,MyPertaminaID,1,0,0,hai sobat dimas mohon maaf atas ketidaknyamanan yang dialami berikut tahapan yang bisa dilakukan  pastikan menggunakan device yang kompetibel disarankan menggunakan pclaptop  pastikan jaringan stabil tidak disarankan menggunakan tethering,"['hai', 'sobat', 'mas', 'mohon', 'maaf', 'ketidaknyamanan', 'alami', 'tahap', 'pasti', 'device', 'kompetibel', 'saran', 'pclaptop', 'pasti', 'jaring', 'stabil', 'saran', 'tethering']"
2022-08-03 03:52:43+00:00,1554676610552385536,Geyelicius,1,0,0,berapa sih waktu yg dibutuhkan dari pendaftaran di mypertamina sampai dapat approval  ini dah  hari blom di approve d,"['sih', 'yg', 'butuh', 'daftar', 'mypertamina', 'approval', 'dah', 'blom', 'approve', 'd']"
2022-08-03 03:45:16+00:00,1554674738907058176,5a_4D,0,0,0,thank  dibwh  di arsiteki bro   bro  sbg pr  baru x ni berpikir tuk memakai ron  berhub dgn msh abuÂ²nya apk amp msh byknya r yg tdk layak dpt ron   cc   nb  cctv byk terpasang di spbu  ğŸ™ğŸ™ğŸ¤¦ğŸ¿â€â™‚ï¸ğŸ¤¦ğŸ¿â€â™‚ï¸ğŸ¤·ğŸ¤·,"['thank', 'dibwh', 'arsitek', 'bro', 'bro', 'sbg', 'pr', 'x', 'ni', 'pikir', 'tuk', 'pakai', 'ron', 'berhub', 'dgn', 'msh', 'abu nya', 'apk', 'amp', 'msh', 'byknya', 'r', 'yg', 'tdk', 'layak', 'dpt', 'ron', 'cc', 'nb', 'cctv', 'byk', 'pasang', 'spbu', '']"
2022-08-03 03:27:32+00:00,1554670273219112960,iprikitir,2,0,0,daftar cuma sampai situ saja tidak bisa masuk lagi lalu bagia mana,"['daftar', 'situ', 'masuk', 'bagia']"
2022-08-03 03:20:44+00:00,1554668563004559360,wanyoel,0,0,1,mnrt ajaran islam surga ada  nama yg akan diisi oleh hambanya sesuai dg tingkat ketaqwaan booking tempatlah dari sekarang dg tiketnya hanya ikuti perintahnya itu aja sih gk perlu bpjs apalagi donlot mypertamina,"['mnrt', 'ajar', 'islam', 'surga', 'nama', 'yg', 'isi', 'hamba', 'sesuai', 'dg', 'tingkat', 'ketaqwaan', 'booking', 'tempat', 'dg', 'tiket', 'ikut', 'perintah', 'aja', 'sih', 'gk', 'bpjs', 'donlot', 'mypertamina']"
2022-08-03 03:20:03+00:00,1554668390064631808,KompasEkonomi,0,0,0,beli pertalite wajib pakai mypertamina mulai september  ini penjelasan pertamina,"['beli', 'pertalite', 'wajib', 'pakai', 'mypertamina', 'september', 'jelas', 'pertamina']"
2022-08-03 03:01:19+00:00,1554663676648767488,dickyrochman1,0,0,0,kendaraan sudah mendaftar bentuk dukungan masyarakat terhadap program subsidi tepat mypertamina yang dijalankan pertamina upaya lindungi hak penerima bbm subsidi,"['kendara', 'daftar', 'bentuk', 'dukung', 'masyarakat', 'program', 'subsidi', 'mypertamina', 'jalan', 'pertamina', 'upaya', 'lindung', 'hak', 'terima', 'bbm', 'subsidi']"
2022-08-03 02:58:04+00:00,1554662860827291648,MyPertaminaID,0,0,0,pastikan menggunakan browser mozila firefoxgoogle chromemicrosoft edge versi terbaru  jika masih berkendala silakan melakukan clear cache browser  silakan coba secara berkala pada jam tidak sibuk  pastikan vpn tidak aktif terima kasih salsa,"['pasti', 'browser', 'mozila', 'firefoxgoogle', 'chromemicrosoft', 'edge', 'versi', 'baru', 'kendala', 'sila', 'clear', 'cache', 'browser', 'sila', 'coba', 'kala', 'jam', 'sibuk', 'pasti', 'vpn', 'aktif', 'terima', 'kasih', 'salsa']"
2022-08-03 02:57:40+00:00,1554662756674314241,MyPertaminaID,0,0,0,pastikan menggunakan device yang kompetibel disarankan menggunakan pclaptop  pastikan jaringan stabil tidak disarankan menggunakan tethering,"['pasti', 'device', 'kompetibel', 'saran', 'pclaptop', 'pasti', 'jaring', 'stabil', 'saran', 'tethering']"
2022-08-03 02:57:21+00:00,1554662679771754497,MyPertaminaID,0,0,0,sebagai informasi karena animo masyarakat yang tinggi atas  pendaftaran program subsidi tepat sehingga terjadi kepadatan sistem pada website  kami sarankan untuk mencoba secara berkala berikut beberapa solusi yang dapat dilakukan,"['informasi', 'animo', 'masyarakat', 'daftar', 'program', 'subsidi', 'padat', 'sistem', 'website', 'saran', 'coba', 'kala', 'solusi']"
2022-08-03 02:56:57+00:00,1554662577581735936,MyPertaminaID,0,0,0,hai sobat sutarto sesuai dengan syarat dan ketentuan foto yang diupload maksimal ukuran file  mb format file yang diterima jpgpng informasi lebih lengkap silakan kunjungi tautan berikut,"['hai', 'sobat', 'sutarto', 'sesuai', 'syarat', 'tentu', 'foto', 'diupload', 'maksimal', 'ukur', 'file', 'mb', 'format', 'file', 'terima', 'jpgpng', 'informasi', 'lengkap', 'sila', 'kunjung', 'taut']"
2022-08-03 02:48:14+00:00,1554660383985913856,tarto888,0,0,0,ga bisa ini semua foto filenya terlalu besar,"['ga', 'foto', 'filenya']"
2022-08-03 02:47:39+00:00,1554660238267396096,tarto888,5,0,0,mau daftar pertalite subsidigagal terus semua file foto terlalu besar ktp stnk foto mobil semua ga bisa file foto terlalu besartolong di kasih solusi dongklo mau bikin aplikasi jng bikin susah,"['daftar', 'pertalite', 'subsidigagal', 'file', 'foto', 'ktp', 'stnk', 'foto', 'mobil', 'ga', 'file', 'foto', 'besartolong', 'kasih', 'solusi', 'dongklo', 'bikin', 'aplikasi', 'jng', 'bikin', 'susah']"
2022-08-03 02:46:23+00:00,1554659918673616896,callmebigB207,0,0,0,yg ngeluh paypal itu cuma orang ibu kota dan sekitarnya orang malang kayak saya dan sekitarnya pakai shopeepay aja yo untungan mypertamina yo gak ngerti alhamdulilah lur,"['yg', 'ngeluh', 'paypal', 'orang', 'kota', 'orang', 'malang', 'kayak', 'pakai', 'shopeepay', 'aja', 'yo', 'untung', 'mypertamina', 'yo', 'gak', 'ngerti', 'alhamdulilah', 'lur']"
2022-08-03 02:22:51+00:00,1554653994865176576,Etika61321313,0,0,0,pembayarannya bagaimana yaaa cash tidak bisa dan apakah sdh g bisa tdk pakai aplikasi terimakasih,"['bayar', 'yaaa', 'cash', 'sdh', 'g', 'tdk', 'pakai', 'aplikasi', 'terimakasih']"
2022-08-03 01:55:13+00:00,1554647043234496512,syafrizalsyamsi,0,0,0,pagi min apakah bisa daftar  kendaraan untuk  akun my pertamina,"['pagi', 'min', 'daftar', 'kendara', 'akun', 'my', 'pertamina']"
2022-08-03 01:46:10+00:00,1554644764527509505,ditanindyak,1,0,0,makanya dikasih my pertamina dan web subsidi itu biar mobil mevvah nggak beli bbm subsidi tapi udah viral duluan dikira memperibet rakyat kecil,"['kasih', 'my', 'pertamina', 'web', 'subsidi', 'biar', 'mobil', 'mevvah', 'nggak', 'beli', 'bbm', 'subsidi', 'udah', 'viral', 'duluan', 'memperibet', 'rakyat']"
2022-08-03 01:14:30+00:00,1554636795861954560,MyPertaminaID,0,0,0,tidak perlu sobat terima kasih raisa,"['sobat', 'terima', 'kasih', 'raisa']"
2022-08-03 01:10:19+00:00,1554635740881260544,MyPertaminaID,0,0,0,creepers baik selamat beraktivitas kembali raisa,"['creepers', 'selamat', 'aktivitas', 'raisa']"
2022-08-03 01:10:18+00:00,1554635737437417472,kentankmustopak,1,0,0,kalo notifnya kaya gini perlu nunggu verif email lagi,"['kalo', 'notifnya', 'kaya', 'gin', 'nunggu', 'verif', 'email']"
2022-08-03 01:08:03+00:00,1554635171697422336,jee_creepers,1,0,0,oww okedeh saya tunggu hasilnya  minggu lsgi,"['oww', 'okedeh', 'tunggu', 'hasil', 'minggu', 'lsgi']"
2022-08-03 01:04:11+00:00,1554634200724418560,MyPertaminaID,1,0,0,creepers seperti yang kami sampaikan sebelumnya bahwa proses maksimal adalah  hari kerja tidak termasuk sabtu  minggu dan hari libur nasional kami sarankan untuk tetap menunggu prosesnya ya terima kasih raisa,"['creepers', 'proses', 'maksimal', 'kerja', 'sabtu', 'minggu', 'libur', 'nasional', 'saran', 'tunggu', 'proses', 'ya', 'terima', 'kasih', 'raisa']"
2022-08-03 00:55:25+00:00,1554631993870385153,jee_creepers,1,0,0,sdh lebih  hari sekitar tgl  juli,"['sdh', 'tgl', 'juli']"
2022-08-03 00:50:29+00:00,1554630750297010176,MyPertaminaID,1,0,0,hai sobat vanny mohon maaf atas ketidaknyamanan yang dialami berikut tahapan yang bisa dilakukan  pastikan menggunakan device yang kompetibel disarankan menggunakan pclaptop  pastikan jaringan stabil tidak disarankan menggunakan tethering,"['hai', 'sobat', 'vanny', 'mohon', 'maaf', 'ketidaknyamanan', 'alami', 'tahap', 'pasti', 'device', 'kompetibel', 'saran', 'pclaptop', 'pasti', 'jaring', 'stabil', 'saran', 'tethering']"
2022-08-03 00:48:25+00:00,1554630232069795840,MyPertaminaID,1,0,0,hasil verifikasi akan dikirimkan via email dan sobat bisa claim qr code apabila sudah mendapatkan email tersebut silakan lakukan pengecekan secara berkala terima kasih raisa,"['hasil', 'verifikasi', 'kirim', 'via', 'email', 'sobat', 'claim', 'qr', 'code', 'email', 'sila', 'laku', 'kece', 'kala', 'terima', 'kasih', 'raisa']"
2022-08-03 00:42:34+00:00,1554628759071862785,kentankmustopak,1,0,0,kalau sudah dapat qr sudah pasti lolos ga ya kak,"['qr', 'lolos', 'ga', 'ya', 'kak']"
2022-08-03 00:37:54+00:00,1554627583597494272,MyPertaminaID,1,0,0,hai sobat apabila sobat sudah terdaftar pada program subsidi tepat mypertamina dan sudah lolos sebagai yang berhak menggunakan bbm subsidi qr code tersebut dapat digunakan di setiap spbu ya terima kasih raisa,"['hai', 'sobat', 'sobat', 'daftar', 'program', 'subsidi', 'mypertamina', 'lolos', 'hak', 'bbm', 'subsidi', 'qr', 'code', 'spbu', 'ya', 'terima', 'kasih', 'raisa']"
2022-08-03 00:33:56+00:00,1554626588385619968,MyPertaminaID,0,0,0,hai sobat taufan mohon maaf atas ketidaknyamanan yang dialami mohon bantu informasikan via dm untuk keterangan dari petugasnya sobat terima kasih raisa,"['hai', 'sobat', 'taufan', 'mohon', 'maaf', 'ketidaknyamanan', 'alami', 'mohon', 'bantu', 'informasi', 'via', 'dm', 'terang', 'tugas', 'sobat', 'terima', 'kasih', 'raisa']"
2022-08-03 00:33:43+00:00,1554626531351138305,kentankmustopak,1,0,0,dari website udah dapet qr padahal daftarnya di aplikasi saja itu bisa dipakai kan ya qr nya untuk pengisian dimana saja,"['website', 'udah', 'dapet', 'qr', 'daftar', 'aplikasi', 'pakai', 'ya', 'qr', 'nya', 'isi', 'mana']"
2022-08-03 00:28:17+00:00,1554625164436193280,harbivian,1,0,1,spbu ini tidak bisa memberikan struk pembelian bbm baik yg cetak maupun manual   mohon di cek,"['spbu', 'struk', 'beli', 'bbm', 'yg', 'cetak', 'manual', 'mohon', 'cek']"
2022-08-02 23:36:27+00:00,1554612122176606208,MyPertaminaID,1,0,0,creepers hai sobat lupin sebagai informasi proses pencocokan data ini membutuhkan waktu maksimal  hari kerja sobat silakan informasikan tanggal pendaftarannya agar dapat kami bantu pengecekan  terima kasih raisa,"['creepers', 'hai', 'sobat', 'lupin', 'informasi', 'proses', 'cocok', 'data', 'butuh', 'maksimal', 'kerja', 'sobat', 'sila', 'informasi', 'tanggal', 'daftar', 'bantu', 'kece', 'terima', 'kasih', 'raisa']"
2022-08-02 23:33:30+00:00,1554611379063365632,MyPertaminaID,0,0,0,password yang sudah didaftar informasi lebih lengkap silakan kunjungi tautan berikut  terima kasih raisa,"['password', 'daftar', 'informasi', 'lengkap', 'sila', 'kunjung', 'taut', 'terima', 'kasih', 'raisa']"
2022-08-02 23:33:25+00:00,1554611355906641920,MyPertaminaID,1,0,0,hai sobat balagadona wilayah kabupaten majalengka untuk saat ini belum termasuk kedalam list pendaftaran namun sobat tetap bisa melakukan pengisian data yang dibutuhkan pada website  lalu pilih fitur simpan pastikan sobat mengingat nik ktp dan,"['hai', 'sobat', 'balagadona', 'wilayah', 'kabupaten', 'majalengka', 'dalam', 'list', 'daftar', 'sobat', 'isi', 'data', 'butuh', 'website', 'pilih', 'fitur', 'simpan', 'pasti', 'sobat', 'nik', 'ktp']"
2022-08-02 23:26:02+00:00,1554609498194845698,MyPertaminaID,0,0,0,hai sobat milo sebagai informasi proses pencocokan data ini membutuhkan waktu maksimal  hari kerja sobat silakan informasikan tanggal pendaftarannya agar dapat kami bantu pengecekan  terima kasih raisa,"['hai', 'sobat', 'milo', 'informasi', 'proses', 'cocok', 'data', 'butuh', 'maksimal', 'kerja', 'sobat', 'sila', 'informasi', 'tanggal', 'daftar', 'bantu', 'kece', 'terima', 'kasih', 'raisa']"
2022-08-02 23:21:38+00:00,1554608390621450242,MyPertaminaID,0,0,0,hai sobat kiki mohon bantu informasikan secara detail perihal yang dikeluhkan agar dapat kami bantu memberikan solusinya terima kasih raisa,"['hai', 'sobat', 'kiki', 'mohon', 'bantu', 'informasi', 'detail', 'perihal', 'keluh', 'bantu', 'solusi', 'terima', 'kasih', 'raisa']"
2022-08-02 23:12:20+00:00,1554606049482592256,MyPertaminaID,0,0,0,hera hai sobat apakah sudah dipastikan password claim yang diinput sudah sesuai apabila sobat tidak mengingat password claim yang dibuat pada saat input kelengkapan data pada lembar ketiga maka silakan lakukan perubahan password terima kasih raisa,"['hera', 'hai', 'sobat', 'password', 'claim', 'diinput', 'sesuai', 'sobat', 'password', 'claim', 'input', 'lengkap', 'data', 'lembar', 'tiga', 'sila', 'laku', 'ubah', 'password', 'terima', 'kasih', 'raisa']"
2022-08-02 23:07:24+00:00,1554604808929427456,MyPertaminaID,1,0,0,pastikan kembali nomor telepon linkaja sama dengan nomor pada aplikasi mypertamina dan masukan pin linkaja lalu pilih continue terima kasih raisa,"['pasti', 'nomor', 'telepon', 'linkaja', 'nomor', 'aplikasi', 'mypertamina', 'masuk', 'pin', 'linkaja', 'pilih', 'continue', 'terima', 'kasih', 'raisa']"
2022-08-02 23:07:18+00:00,1554604782706642944,MyPertaminaID,0,0,0,pastikan jaringan seluler dalam keadaan stabil  login ke aplikasi mypertamina menggunakan nomor yang sama pada aplikasi linkaja  pilih icon aktifkan pada beranda  pilih sudah jika telah memiliki akun linkaja dan pilih belum untuk create akun linkaja,"['pasti', 'jaring', 'seluler', 'stabil', 'login', 'aplikasi', 'mypertamina', 'nomor', 'aplikasi', 'linkaja', 'pilih', 'icon', 'aktif', 'beranda', 'pilih', 'milik', 'akun', 'linkaja', 'pilih', 'create', 'akun', 'linkaja']"
2022-08-02 23:07:07+00:00,1554604737022279682,MyPertaminaID,0,0,0,berikut kami informasikan tahapan solusi untuk aktifasi linkaja pada aplikasi mypertamina  pastikan handphone yang digunakan android minimal os  dan untuk pengguna iphone minimal ios   pastikan aplikasi mypertamina sudah diupgrade ke versi terbaru,"['informasi', 'tahap', 'solusi', 'aktifasi', 'linkaja', 'aplikasi', 'mypertamina', 'pasti', 'handphone', 'android', 'minimal', 'os', 'guna', 'iphone', 'minimal', 'ios', 'pasti', 'aplikasi', 'mypertamina', 'diupgrade', 'versi', 'baru']"
2022-08-02 22:21:24+00:00,1554593234680102912,kakasawi,0,0,0,mobil pendaftar bbm subsidi di mypertamina tembus  ribu wah luar biasa antusias nya ğŸ‘,"['mobil', 'daftar', 'bbm', 'subsidi', 'mypertamina', 'tembus', 'ribu', 'antusias', 'nya', '']"
2022-08-02 22:21:03+00:00,1554593146918449152,CashielGavin,0,0,0,mobil pendaftar bbm subsidi di mypertamina tembus  ribu terbukti banyak yang antusias dengan program ini ğŸ‘ğŸ»,"['mobil', 'daftar', 'bbm', 'subsidi', 'mypertamina', 'tembus', 'ribu', 'bukti', 'antusias', 'program', '']"
2022-08-02 22:20:46+00:00,1554593074676137984,alexaxelle123,0,0,0,wah ikut seneng banget mobil pendaftar bbm subsidi di mypertamina tembus  ribu ini bukti antusias masyarakat ğŸ¥°ğŸ™ğŸ»,"['neng', 'banget', 'mobil', 'daftar', 'bbm', 'subsidi', 'mypertamina', 'tembus', 'ribu', 'bukti', 'antusias', 'masyarakat', '']"
2022-08-02 22:20:21+00:00,1554592967687409664,totopakcoy,0,0,0,wow mobil pendaftar bbm subsidi di mypertamina tembus  ribu loh guys  keren antusiasnya yaa,"['wow', 'mobil', 'daftar', 'bbm', 'subsidi', 'mypertamina', 'tembus', 'ribu', 'loh', 'guys', 'keren', 'antusias', 'yaa']"
2022-08-02 22:19:41+00:00,1554592801966682114,Totocarla3,0,0,0,fyi nih guys mobil pendaftar bbm subsidi di mypertamina tembus  ribu  kerenbanyak yg dukung program ini,"['fyi', 'nih', 'guys', 'mobil', 'daftar', 'bbm', 'subsidi', 'mypertamina', 'tembus', 'ribu', 'kerenbanyak', 'yg', 'dukung', 'program']"
2022-08-02 22:18:56+00:00,1554592612635803648,totobazem,0,0,0,mobil pendaftar bbm subsidi di mypertamina tembus  ribu wah luar biasa bgt antusiasnya,"['mobil', 'daftar', 'bbm', 'subsidi', 'mypertamina', 'tembus', 'ribu', 'bgt', 'antusias']"
2022-08-02 22:18:05+00:00,1554592399434756096,Totocabe1,0,0,0,ternyata masyarakat sangat antusias ya sampaisampai mobil pendaftar bbm subsidi di mypertamina tembus  ribuğŸ˜¯ mantap   mobil pendaftar bbm subsidi di mypertamina tembus  ribu wah pencapaian yg luar biasa ğŸ‘ğŸ‘,"['masyarakat', 'antusias', 'ya', 'sampaisampai', 'mobil', 'daftar', 'bbm', 'subsidi', 'mypertamina', 'tembus', 'ribu', 'mantap', 'mobil', 'daftar', 'bbm', 'subsidi', 'mypertamina', 'tembus', 'ribu', 'capai', 'yg', '']"
2022-08-02 22:16:25+00:00,1554591979534974976,totosawi,0,0,0,mobil pendaftar bbm subsidi di mypertamina tembus  ribu wah pencapaian yg luar biasa ğŸ‘ğŸ‘,"['mobil', 'daftar', 'bbm', 'subsidi', 'mypertamina', 'tembus', 'ribu', 'capai', 'yg', '']"
2022-08-02 21:50:08+00:00,1554585365461184512,Askiarahmawati1,0,0,0,woww keren mobil pendaftar bbm subsidi di mypertamina tembus  ribuğŸ‘,"['woww', 'keren', 'mobil', 'daftar', 'bbm', 'subsidi', 'mypertamina', 'tembus', 'ribu']"
2022-08-02 21:49:17+00:00,1554585152848035840,Bungaamalia201,0,0,0,ternyata masyarakat sangat antusias ya sampaisampai mobil pendaftar bbm subsidi di mypertamina tembus  ribuğŸ˜¯ mantap,"['masyarakat', 'antusias', 'ya', 'sampaisampai', 'mobil', 'daftar', 'bbm', 'subsidi', 'mypertamina', 'tembus', 'ribu', 'mantap']"
2022-08-02 21:12:35+00:00,1554575914314260480,widihappy,0,0,0,beli pertalite dan solar pakai mypertamina belum berlaku hari ini,"['beli', 'pertalite', 'solar', 'pakai', 'mypertamina', 'laku']"
2022-08-02 18:22:12+00:00,1554533037840277504,nulfazly_rayhan,0,0,0,in the end  gw udh iseng pake my pertamina gara males megang cash jadinya tinggal topup link aja doang kebiasaan waktu magang,"['in', 'the', 'end', 'gw', 'udh', 'iseng', 'pake', 'my', 'pertamina', 'gara', 'males', 'megang', 'cash', 'tinggal', 'topup', 'link', 'aja', 'doang', 'biasa', 'magang']"
2022-08-02 17:38:32+00:00,1554522045844946949,zeano00,0,0,0,mobil pendaftar bbm subsidi di mypertamina tembus  ribu dukung terus untuk kedepannya nih âœŠğŸ»,"['mobil', 'daftar', 'bbm', 'subsidi', 'mypertamina', 'tembus', 'ribu', 'dukung', 'depan', 'nih', '']"
2022-08-02 17:37:02+00:00,1554521669116776448,mld_cake,0,0,0,good job pertamina  mobil pendaftar bbm subsidi di mypertamina tembus  ribu,"['good', 'job', 'pertamina', 'mobil', 'daftar', 'bbm', 'subsidi', 'mypertamina', 'tembus', 'ribu']"
2022-08-02 17:33:31+00:00,1554520784382853120,xiaopaoOO,0,0,0,mobil pendaftar bbm subsidi di mypertamina tembus  ribu wah pencapaian hebat nih salut bgt,"['mobil', 'daftar', 'bbm', 'subsidi', 'mypertamina', 'tembus', 'ribu', 'capai', 'hebat', 'nih', 'salut', 'bgt']"
2022-08-02 17:32:26+00:00,1554520514013859840,dailynut_,0,0,0,mobil pendaftar bbm subsidi di mypertamina tembus  ribu woww impresive ğŸ˜ğŸ‘,"['mobil', 'daftar', 'bbm', 'subsidi', 'mypertamina', 'tembus', 'ribu', 'woww', 'impresive', '']"
2022-08-02 17:28:31+00:00,1554519528549543937,imfreendy,0,0,0,mobil pendaftar bbm subsidi di mypertamina tembus  ribu luar biasa nih banyak dukungan ğŸ‘,"['mobil', 'daftar', 'bbm', 'subsidi', 'mypertamina', 'tembus', 'ribu', 'nih', 'dukung', '']"
2022-08-02 17:27:44+00:00,1554519330712604672,satria_xbima,0,0,0,keren ya banyak yang antusias nih mobil pendaftar bbm subsidi di mypertamina tembus  ribu,"['keren', 'ya', 'antusias', 'nih', 'mobil', 'daftar', 'bbm', 'subsidi', 'mypertamina', 'tembus', 'ribu']"
2022-08-02 17:26:47+00:00,1554519091708567552,thrichgirl,0,0,0,wah info bagus nih mobil pendaftar bbm subsidi di mypertamina tembus  ribu  ğŸ‘ğŸ‘,"['info', 'bagus', 'nih', 'mobil', 'daftar', 'bbm', 'subsidi', 'mypertamina', 'tembus', 'ribu', '']"
2022-08-02 17:26:06+00:00,1554518918655799296,yutaaajaaa,0,0,0,wah syukurlah makin banyak yang pakai nih mobil pendaftar bbm subsidi di mypertamina tembus  ribu,"['syukur', 'pakai', 'nih', 'mobil', 'daftar', 'bbm', 'subsidi', 'mypertamina', 'tembus', 'ribu']"
2022-08-02 17:24:57+00:00,1554518629508870145,haechanleee_127,0,0,0,mobil pendaftar bbm subsidi di mypertamina tembus  ribu wah terbukti banyak yang didaftar nih,"['mobil', 'daftar', 'bbm', 'subsidi', 'mypertamina', 'tembus', 'ribu', 'bukti', 'daftar', 'nih']"
2022-08-02 17:22:27+00:00,1554518000132587520,daisysst,0,0,0,mobil pendaftar bbm subsidi di mypertamina tembus  ribu loh guys wah banyak banget nih yaa,"['mobil', 'daftar', 'bbm', 'subsidi', 'mypertamina', 'tembus', 'ribu', 'loh', 'guys', 'banget', 'nih', 'yaa']"
2022-08-02 16:43:45+00:00,1554508260593414145,AlwaaCorollaa,0,0,0,mobil pendaftar bbm subsidi di mypertamina tembus  ribu woah pencapaian yang luar biasa ğŸ‘,"['mobil', 'daftar', 'bbm', 'subsidi', 'mypertamina', 'tembus', 'ribu', 'woah', 'capai', '']"
2022-08-02 15:37:00+00:00,1554491463014162436,sekatrindu22,0,0,0,mobil pendaftar bbm subsidi di mypertamina tembus  ribu pencapaian yang luar biasa ğŸ‘ğŸ‘,"['mobil', 'daftar', 'bbm', 'subsidi', 'mypertamina', 'tembus', 'ribu', 'capai', '']"
2022-08-02 15:36:00+00:00,1554491210571595777,zahraarayaa,0,0,0,masyaallah keren banget mobil pendaftar bbm subsidi di mypertamina tembus  ribu ğŸ¥³,"['masyaallah', 'keren', 'banget', 'mobil', 'daftar', 'bbm', 'subsidi', 'mypertamina', 'tembus', 'ribu', '']"
